Date,Store ID,Store Location,Product ID,Product Name,Product Category,Unit Price,Unit Cost,Quantity Sold,Gross Sales,Total Cost,Profit Amount,Invoice Count
2025-01-01,ST01,MG Road,P01,Premium Rice 5kg,Packaged Food,50,35,52,2600,1820,780,46
2025-01-01,ST01,MG Road,P02,Refined Oil 1L,Packaged Food,120,90,104,12480,9360,3120,46
2025-01-01,ST01,MG Road,P03,Milk 1L,Dairy,40,28,99,3960,2772,1188,46
2025-01-01,ST01,MG Road,P04,Curd 500g,Dairy,35,24,69,2415,1656,759,46
2025-01-01,ST01,MG Road,P05,Cola 1L,Beverages,30,20,80,2400,1600,800,46
2025-01-01,ST01,MG Road,P06,Orange Juice 1L,Beverages,60,42,84,5040,3528,1512,46
2025-01-01,ST01,MG Road,P07,Bath Soap,Personal Care,25,15,40,1000,600,400,46
2025-01-01,ST01,MG Road,P08,Shampoo 200ml,Personal Care,140,100,34,4760,3400,1360,46
2025-01-01,ST01,MG Road,P09,Detergent 1kg,Home Care,80,55,89,7120,4895,2225,46
2025-01-01,ST01,MG Road,P10,Floor Cleaner 1L,Home Care,95,70,36,3420,2520,900,46
2025-01-01,ST02,Howrah,P01,Premium Rice 5kg,Packaged Food,50,35,108,5400,3780,1620,63
2025-01-01,ST02,Howrah,P02,Refined Oil 1L,Packaged Food,120,90,103,12360,9270,3090,63
2025-01-01,ST02,Howrah,P03,Milk 1L,Dairy,40,28,69,2760,1932,828,63
2025-01-01,ST02,Howrah,P04,Curd 500g,Dairy,35,24,116,4060,2784,1276,63
2025-01-01,ST02,Howrah,P05,Cola 1L,Beverages,30,20,138,4140,2760,1380,63
2025-01-01,ST02,Howrah,P06,Orange Juice 1L,Beverages,60,42,105,6300,4410,1890,63
2025-01-01,ST02,Howrah,P07,Bath Soap,Personal Care,25,15,94,2350,1410,940,63
2025-01-01,ST02,Howrah,P08,Shampoo 200ml,Personal Care,140,100,64,8960,6400,2560,63
2025-01-01,ST02,Howrah,P09,Detergent 1kg,Home Care,80,55,55,4400,3025,1375,63
2025-01-01,ST02,Howrah,P10,Floor Cleaner 1L,Home Care,95,70,68,6460,4760,1700,63
2025-01-02,ST01,MG Road,P01,Premium Rice 5kg,Packaged Food,50,35,62,3100,2170,930,56
2025-01-02,ST01,MG Road,P02,Refined Oil 1L,Packaged Food,120,90,112,13440,10080,3360,56
2025-01-02,ST01,MG Road,P03,Milk 1L,Dairy,40,28,70,2800,1960,840,56
2025-01-02,ST01,MG Road,P04,Curd 500g,Dairy,35,24,83,2905,1992,913,56
2025-01-02,ST01,MG Road,P05,Cola 1L,Beverages,30,20,62,1860,1240,620,56
2025-01-02,ST01,MG Road,P06,Orange Juice 1L,Beverages,60,42,77,4620,3234,1386,56
2025-01-02,ST01,MG Road,P07,Bath Soap,Personal Care,25,15,58,1450,870,580,56
2025-01-02,ST01,MG Road,P08,Shampoo 200ml,Personal Care,140,100,55,7700,5500,2200,56
2025-01-02,ST01,MG Road,P09,Detergent 1kg,Home Care,80,55,49,3920,2695,1225,56
2025-01-02,ST01,MG Road,P10,Floor Cleaner 1L,Home Care,95,70,84,7980,5880,2100,56
2025-01-02,ST02,Howrah,P01,Premium Rice 5kg,Packaged Food,50,35,58,2900,2030,870,45
2025-01-02,ST02,Howrah,P02,Refined Oil 1L,Packaged Food,120,90,75,9000,6750,2250,45
2025-01-02,ST02,Howrah,P03,Milk 1L,Dairy,40,28,53,2120,1484,636,45
2025-01-02,ST02,Howrah,P04,Curd 500g,Dairy,35,24,65,2275,1560,715,45
2025-01-02,ST02,Howrah,P05,Cola 1L,Beverages,30,20,54,1620,1080,540,45
2025-01-02,ST02,Howrah,P06,Orange Juice 1L,Beverages,60,42,106,6360,4452,1908,45
2025-01-02,ST02,Howrah,P07,Bath Soap,Personal Care,25,15,74,1850,1110,740,45
2025-01-02,ST02,Howrah,P08,Shampoo 200ml,Personal Care,140,100,73,10220,7300,2920,45
2025-01-02,ST02,Howrah,P09,Detergent 1kg,Home Care,80,55,30,2400,1650,750,45
2025-01-02,ST02,Howrah,P10,Floor Cleaner 1L,Home Care,95,70,31,2945,2170,775,45
2025-01-03,ST01,MG Road,P01,Premium Rice 5kg,Packaged Food,50,35,81,4050,2835,1215,59
2025-01-03,ST01,MG Road,P02,Refined Oil 1L,Packaged Food,120,90,47,5640,4230,1410,59
2025-01-03,ST01,MG Road,P03,Milk 1L,Dairy,40,28,112,4480,3136,1344,59
2025-01-03,ST01,MG Road,P04,Curd 500g,Dairy,35,24,70,2450,1680,770,59
2025-01-03,ST01,MG Road,P05,Cola 1L,Beverages,30,20,67,2010,1340,670,59
2025-01-03,ST01,MG Road,P06,Orange Juice 1L,Beverages,60,42,66,3960,2772,1188,59
2025-01-03,ST01,MG Road,P07,Bath Soap,Personal Care,25,15,81,2025,1215,810,59
2025-01-03,ST01,MG Road,P08,Shampoo 200ml,Personal Care,140,100,93,13020,9300,3720,59
2025-01-03,ST01,MG Road,P09,Detergent 1kg,Home Care,80,55,89,7120,4895,2225,59
2025-01-03,ST01,MG Road,P10,Floor Cleaner 1L,Home Care,95,70,85,8075,5950,2125,59
2025-01-03,ST02,Howrah,P01,Premium Rice 5kg,Packaged Food,50,35,81,4050,2835,1215,42
2025-01-03,ST02,Howrah,P02,Refined Oil 1L,Packaged Food,120,90,83,9960,7470,2490,42
2025-01-03,ST02,Howrah,P03,Milk 1L,Dairy,40,28,88,3520,2464,1056,42
2025-01-03,ST02,Howrah,P04,Curd 500g,Dairy,35,24,46,1610,1104,506,42
2025-01-03,ST02,Howrah,P05,Cola 1L,Beverages,30,20,94,2820,1880,940,42
2025-01-03,ST02,Howrah,P06,Orange Juice 1L,Beverages,60,42,54,3240,2268,972,42
2025-01-03,ST02,Howrah,P07,Bath Soap,Personal Care,25,15,57,1425,855,570,42
2025-01-03,ST02,Howrah,P08,Shampoo 200ml,Personal Care,140,100,49,6860,4900,1960,42
2025-01-03,ST02,Howrah,P09,Detergent 1kg,Home Care,80,55,98,7840,5390,2450,42
2025-01-03,ST02,Howrah,P10,Floor Cleaner 1L,Home Care,95,70,41,3895,2870,1025,42
2025-01-04,ST01,MG Road,P01,Premium Rice 5kg,Packaged Food,50,35,48,2400,1680,720,73
2025-01-04,ST01,MG Road,P02,Refined Oil 1L,Packaged Food,120,90,75,9000,6750,2250,73
2025-01-04,ST01,MG Road,P03,Milk 1L,Dairy,40,28,107,4280,2996,1284,73
2025-01-04,ST01,MG Road,P04,Curd 500g,Dairy,35,24,101,3535,2424,1111,73
2025-01-04,ST01,MG Road,P05,Cola 1L,Beverages,30,20,135,4050,2700,1350,73
2025-01-04,ST01,MG Road,P06,Orange Juice 1L,Beverages,60,42,61,3660,2562,1098,73
2025-01-04,ST01,MG Road,P07,Bath Soap,Personal Care,25,15,75,1875,1125,750,73
2025-01-04,ST01,MG Road,P08,Shampoo 200ml,Personal Care,140,100,40,5600,4000,1600,73
2025-01-04,ST01,MG Road,P09,Detergent 1kg,Home Care,80,55,68,5440,3740,1700,73
2025-01-04,ST01,MG Road,P10,Floor Cleaner 1L,Home Care,95,70,44,4180,3080,1100,73
2025-01-04,ST02,Howrah,P01,Premium Rice 5kg,Packaged Food,50,35,99,4950,3465,1485,54
2025-01-04,ST02,Howrah,P02,Refined Oil 1L,Packaged Food,120,90,69,8280,6210,2070,54
2025-01-04,ST02,Howrah,P03,Milk 1L,Dairy,40,28,64,2560,1792,768,54
2025-01-04,ST02,Howrah,P04,Curd 500g,Dairy,35,24,83,2905,1992,913,54
2025-01-04,ST02,Howrah,P05,Cola 1L,Beverages,30,20,73,2190,1460,730,54
2025-01-04,ST02,Howrah,P06,Orange Juice 1L,Beverages,60,42,127,7620,5334,2286,54
2025-01-04,ST02,Howrah,P07,Bath Soap,Personal Care,25,15,76,1900,1140,760,54
2025-01-04,ST02,Howrah,P08,Shampoo 200ml,Personal Care,140,100,48,6720,4800,1920,54
2025-01-04,ST02,Howrah,P09,Detergent 1kg,Home Care,80,55,92,7360,5060,2300,54
2025-01-04,ST02,Howrah,P10,Floor Cleaner 1L,Home Care,95,70,95,9025,6650,2375,54
2025-01-05,ST01,MG Road,P01,Premium Rice 5kg,Packaged Food,50,35,69,3450,2415,1035,69
2025-01-05,ST01,MG Road,P02,Refined Oil 1L,Packaged Food,120,90,43,5160,3870,1290,69
2025-01-05,ST01,MG Road,P03,Milk 1L,Dairy,40,28,43,1720,1204,516,69
2025-01-05,ST01,MG Road,P04,Curd 500g,Dairy,35,24,51,1785,1224,561,69
2025-01-05,ST01,MG Road,P05,Cola 1L,Beverages,30,20,57,1710,1140,570,69
2025-01-05,ST01,MG Road,P06,Orange Juice 1L,Beverages,60,42,119,7140,4998,2142,69
2025-01-05,ST01,MG Road,P07,Bath Soap,Personal Care,25,15,82,2050,1230,820,69
2025-01-05,ST01,MG Road,P08,Shampoo 200ml,Personal Care,140,100,89,12460,8900,3560,69
2025-01-05,ST01,MG Road,P09,Detergent 1kg,Home Care,80,55,69,5520,3795,1725,69
2025-01-05,ST01,MG Road,P10,Floor Cleaner 1L,Home Care,95,70,76,7220,5320,1900,69
2025-01-05,ST02,Howrah,P01,Premium Rice 5kg,Packaged Food,50,35,47,2350,1645,705,53
2025-01-05,ST02,Howrah,P02,Refined Oil 1L,Packaged Food,120,90,105,12600,9450,3150,53
2025-01-05,ST02,Howrah,P03,Milk 1L,Dairy,40,28,77,3080,2156,924,53
2025-01-05,ST02,Howrah,P04,Curd 500g,Dairy,35,24,89,3115,2136,979,53
2025-01-05,ST02,Howrah,P05,Cola 1L,Beverages,30,20,107,3210,2140,1070,53
2025-01-05,ST02,Howrah,P06,Orange Juice 1L,Beverages,60,42,96,5760,4032,1728,53
2025-01-05,ST02,Howrah,P07,Bath Soap,Personal Care,25,15,91,2275,1365,910,53
2025-01-05,ST02,Howrah,P08,Shampoo 200ml,Personal Care,140,100,92,12880,9200,3680,53
2025-01-05,ST02,Howrah,P09,Detergent 1kg,Home Care,80,55,79,6320,4345,1975,53
2025-01-05,ST02,Howrah,P10,Floor Cleaner 1L,Home Care,95,70,62,5890,4340,1550,53
2025-01-06,ST01,MG Road,P01,Premium Rice 5kg,Packaged Food,50,35,92,4600,3220,1380,64
2025-01-06,ST01,MG Road,P02,Refined Oil 1L,Packaged Food,120,90,91,10920,8190,2730,64
2025-01-06,ST01,MG Road,P03,Milk 1L,Dairy,40,28,49,1960,1372,588,64
2025-01-06,ST01,MG Road,P04,Curd 500g,Dairy,35,24,98,3430,2352,1078,64
2025-01-06,ST01,MG Road,P05,Cola 1L,Beverages,30,20,132,3960,2640,1320,64
2025-01-06,ST01,MG Road,P06,Orange Juice 1L,Beverages,60,42,133,7980,5586,2394,64
2025-01-06,ST01,MG Road,P07,Bath Soap,Personal Care,25,15,32,800,480,320,64
2025-01-06,ST01,MG Road,P08,Shampoo 200ml,Personal Care,140,100,71,9940,7100,2840,64
2025-01-06,ST01,MG Road,P09,Detergent 1kg,Home Care,80,55,34,2720,1870,850,64
2025-01-06,ST01,MG Road,P10,Floor Cleaner 1L,Home Care,95,70,87,8265,6090,2175,64
2025-01-06,ST02,Howrah,P01,Premium Rice 5kg,Packaged Food,50,35,87,4350,3045,1305,36
2025-01-06,ST02,Howrah,P02,Refined Oil 1L,Packaged Food,120,90,57,6840,5130,1710,36
2025-01-06,ST02,Howrah,P03,Milk 1L,Dairy,40,28,44,1760,1232,528,36
2025-01-06,ST02,Howrah,P04,Curd 500g,Dairy,35,24,114,3990,2736,1254,36
2025-01-06,ST02,Howrah,P05,Cola 1L,Beverages,30,20,138,4140,2760,1380,36
2025-01-06,ST02,Howrah,P06,Orange Juice 1L,Beverages,60,42,80,4800,3360,1440,36
2025-01-06,ST02,Howrah,P07,Bath Soap,Personal Care,25,15,41,1025,615,410,36
2025-01-06,ST02,Howrah,P08,Shampoo 200ml,Personal Care,140,100,70,9800,7000,2800,36
2025-01-06,ST02,Howrah,P09,Detergent 1kg,Home Care,80,55,92,7360,5060,2300,36
2025-01-06,ST02,Howrah,P10,Floor Cleaner 1L,Home Care,95,70,47,4465,3290,1175,36
2025-01-07,ST01,MG Road,P01,Premium Rice 5kg,Packaged Food,50,35,90,4500,3150,1350,68
2025-01-07,ST01,MG Road,P02,Refined Oil 1L,Packaged Food,120,90,80,9600,7200,2400,68
2025-01-07,ST01,MG Road,P03,Milk 1L,Dairy,40,28,88,3520,2464,1056,68
2025-01-07,ST01,MG Road,P04,Curd 500g,Dairy,35,24,45,1575,1080,495,68
2025-01-07,ST01,MG Road,P05,Cola 1L,Beverages,30,20,112,3360,2240,1120,68
2025-01-07,ST01,MG Road,P06,Orange Juice 1L,Beverages,60,42,135,8100,5670,2430,68
2025-01-07,ST01,MG Road,P07,Bath Soap,Personal Care,25,15,85,2125,1275,850,68
2025-01-07,ST01,MG Road,P08,Shampoo 200ml,Personal Care,140,100,82,11480,8200,3280,68
2025-01-07,ST01,MG Road,P09,Detergent 1kg,Home Care,80,55,64,5120,3520,1600,68
2025-01-07,ST01,MG Road,P10,Floor Cleaner 1L,Home Care,95,70,55,5225,3850,1375,68
2025-01-07,ST02,Howrah,P01,Premium Rice 5kg,Packaged Food,50,35,80,4000,2800,1200,43
2025-01-07,ST02,Howrah,P02,Refined Oil 1L,Packaged Food,120,90,116,13920,10440,3480,43
2025-01-07,ST02,Howrah,P03,Milk 1L,Dairy,40,28,54,2160,1512,648,43
2025-01-07,ST02,Howrah,P04,Curd 500g,Dairy,35,24,82,2870,1968,902,43
2025-01-07,ST02,Howrah,P05,Cola 1L,Beverages,30,20,86,2580,1720,860,43
2025-01-07,ST02,Howrah,P06,Orange Juice 1L,Beverages,60,42,66,3960,2772,1188,43
2025-01-07,ST02,Howrah,P07,Bath Soap,Personal Care,25,15,80,2000,1200,800,43
2025-01-07,ST02,Howrah,P08,Shampoo 200ml,Personal Care,140,100,78,10920,7800,3120,43
2025-01-07,ST02,Howrah,P09,Detergent 1kg,Home Care,80,55,43,3440,2365,1075,43
2025-01-07,ST02,Howrah,P10,Floor Cleaner 1L,Home Care,95,70,75,7125,5250,1875,43
2025-01-08,ST01,MG Road,P01,Premium Rice 5kg,Packaged Food,50,35,47,2350,1645,705,56
2025-01-08,ST01,MG Road,P02,Refined Oil 1L,Packaged Food,120,90,67,8040,6030,2010,56
2025-01-08,ST01,MG Road,P03,Milk 1L,Dairy,40,28,81,3240,2268,972,56
2025-01-08,ST01,MG Road,P04,Curd 500g,Dairy,35,24,56,1960,1344,616,56
2025-01-08,ST01,MG Road,P05,Cola 1L,Beverages,30,20,140,4200,2800,1400,56
2025-01-08,ST01,MG Road,P06,Orange Juice 1L,Beverages,60,42,74,4440,3108,1332,56
2025-01-08,ST01,MG Road,P07,Bath Soap,Personal Care,25,15,90,2250,1350,900,56
2025-01-08,ST01,MG Road,P08,Shampoo 200ml,Personal Care,140,100,50,7000,5000,2000,56
2025-01-08,ST01,MG Road,P09,Detergent 1kg,Home Care,80,55,81,6480,4455,2025,56
2025-01-08,ST01,MG Road,P10,Floor Cleaner 1L,Home Care,95,70,31,2945,2170,775,56
2025-01-08,ST02,Howrah,P01,Premium Rice 5kg,Packaged Food,50,35,72,3600,2520,1080,72
2025-01-08,ST02,Howrah,P02,Refined Oil 1L,Packaged Food,120,90,63,7560,5670,1890,72
2025-01-08,ST02,Howrah,P03,Milk 1L,Dairy,40,28,71,2840,1988,852,72
2025-01-08,ST02,Howrah,P04,Curd 500g,Dairy,35,24,73,2555,1752,803,72
2025-01-08,ST02,Howrah,P05,Cola 1L,Beverages,30,20,87,2610,1740,870,72
2025-01-08,ST02,Howrah,P06,Orange Juice 1L,Beverages,60,42,84,5040,3528,1512,72
2025-01-08,ST02,Howrah,P07,Bath Soap,Personal Care,25,15,84,2100,1260,840,72
2025-01-08,ST02,Howrah,P08,Shampoo 200ml,Personal Care,140,100,30,4200,3000,1200,72
2025-01-08,ST02,Howrah,P09,Detergent 1kg,Home Care,80,55,81,6480,4455,2025,72
2025-01-08,ST02,Howrah,P10,Floor Cleaner 1L,Home Care,95,70,95,9025,6650,2375,72
2025-01-09,ST01,MG Road,P01,Premium Rice 5kg,Packaged Food,50,35,44,2200,1540,660,43
2025-01-09,ST01,MG Road,P02,Refined Oil 1L,Packaged Food,120,90,94,11280,8460,2820,43
2025-01-09,ST01,MG Road,P03,Milk 1L,Dairy,40,28,84,3360,2352,1008,43
2025-01-09,ST01,MG Road,P04,Curd 500g,Dairy,35,24,41,1435,984,451,43
2025-01-09,ST01,MG Road,P05,Cola 1L,Beverages,30,20,132,3960,2640,1320,43
2025-01-09,ST01,MG Road,P06,Orange Juice 1L,Beverages,60,42,62,3720,2604,1116,43
2025-01-09,ST01,MG Road,P07,Bath Soap,Personal Care,25,15,84,2100,1260,840,43
2025-01-09,ST01,MG Road,P08,Shampoo 200ml,Personal Care,140,100,81,11340,8100,3240,43
2025-01-09,ST01,MG Road,P09,Detergent 1kg,Home Care,80,55,43,3440,2365,1075,43
2025-01-09,ST01,MG Road,P10,Floor Cleaner 1L,Home Care,95,70,49,4655,3430,1225,43
2025-01-09,ST02,Howrah,P01,Premium Rice 5kg,Packaged Food,50,35,41,2050,1435,615,74
2025-01-09,ST02,Howrah,P02,Refined Oil 1L,Packaged Food,120,90,61,7320,5490,1830,74
2025-01-09,ST02,Howrah,P03,Milk 1L,Dairy,40,28,56,2240,1568,672,74
2025-01-09,ST02,Howrah,P04,Curd 500g,Dairy,35,24,79,2765,1896,869,74
2025-01-09,ST02,Howrah,P05,Cola 1L,Beverages,30,20,140,4200,2800,1400,74
2025-01-09,ST02,Howrah,P06,Orange Juice 1L,Beverages,60,42,112,6720,4704,2016,74
2025-01-09,ST02,Howrah,P07,Bath Soap,Personal Care,25,15,39,975,585,390,74
2025-01-09,ST02,Howrah,P08,Shampoo 200ml,Personal Care,140,100,66,9240,6600,2640,74
2025-01-09,ST02,Howrah,P09,Detergent 1kg,Home Care,80,55,60,4800,3300,1500,74
2025-01-09,ST02,Howrah,P10,Floor Cleaner 1L,Home Care,95,70,86,8170,6020,2150,74
2025-01-10,ST01,MG Road,P01,Premium Rice 5kg,Packaged Food,50,35,45,2250,1575,675,63
2025-01-10,ST01,MG Road,P02,Refined Oil 1L,Packaged Food,120,90,51,6120,4590,1530,63
2025-01-10,ST01,MG Road,P03,Milk 1L,Dairy,40,28,46,1840,1288,552,63
2025-01-10,ST01,MG Road,P04,Curd 500g,Dairy,35,24,96,3360,2304,1056,63
2025-01-10,ST01,MG Road,P05,Cola 1L,Beverages,30,20,96,2880,1920,960,63
2025-01-10,ST01,MG Road,P06,Orange Juice 1L,Beverages,60,42,138,8280,5796,2484,63
2025-01-10,ST01,MG Road,P07,Bath Soap,Personal Care,25,15,56,1400,840,560,63
2025-01-10,ST01,MG Road,P08,Shampoo 200ml,Personal Care,140,100,83,11620,8300,3320,63
2025-01-10,ST01,MG Road,P09,Detergent 1kg,Home Care,80,55,65,5200,3575,1625,63
2025-01-10,ST01,MG Road,P10,Floor Cleaner 1L,Home Care,95,70,32,3040,2240,800,63
2025-01-10,ST02,Howrah,P01,Premium Rice 5kg,Packaged Food,50,35,84,4200,2940,1260,60
2025-01-10,ST02,Howrah,P02,Refined Oil 1L,Packaged Food,120,90,92,11040,8280,2760,60
2025-01-10,ST02,Howrah,P03,Milk 1L,Dairy,40,28,64,2560,1792,768,60
2025-01-10,ST02,Howrah,P04,Curd 500g,Dairy,35,24,46,1610,1104,506,60
2025-01-10,ST02,Howrah,P05,Cola 1L,Beverages,30,20,80,2400,1600,800,60
2025-01-10,ST02,Howrah,P06,Orange Juice 1L,Beverages,60,42,77,4620,3234,1386,60
2025-01-10,ST02,Howrah,P07,Bath Soap,Personal Care,25,15,55,1375,825,550,60
2025-01-10,ST02,Howrah,P08,Shampoo 200ml,Personal Care,140,100,78,10920,7800,3120,60
2025-01-10,ST02,Howrah,P09,Detergent 1kg,Home Care,80,55,85,6800,4675,2125,60
2025-01-10,ST02,Howrah,P10,Floor Cleaner 1L,Home Care,95,70,59,5605,4130,1475,60
2025-01-11,ST01,MG Road,P01,Premium Rice 5kg,Packaged Food,50,35,49,2450,1715,735,69
2025-01-11,ST01,MG Road,P02,Refined Oil 1L,Packaged Food,120,90,115,13800,10350,3450,69
2025-01-11,ST01,MG Road,P03,Milk 1L,Dairy,40,28,67,2680,1876,804,69
2025-01-11,ST01,MG Road,P04,Curd 500g,Dairy,35,24,59,2065,1416,649,69
2025-01-11,ST01,MG Road,P05,Cola 1L,Beverages,30,20,108,3240,2160,1080,69
2025-01-11,ST01,MG Road,P06,Orange Juice 1L,Beverages,60,42,89,5340,3738,1602,69
2025-01-11,ST01,MG Road,P07,Bath Soap,Personal Care,25,15,97,2425,1455,970,69
2025-01-11,ST01,MG Road,P08,Shampoo 200ml,Personal Care,140,100,67,9380,6700,2680,69
2025-01-11,ST01,MG Road,P09,Detergent 1kg,Home Care,80,55,50,4000,2750,1250,69
2025-01-11,ST01,MG Road,P10,Floor Cleaner 1L,Home Care,95,70,42,3990,2940,1050,69
2025-01-11,ST02,Howrah,P01,Premium Rice 5kg,Packaged Food,50,35,92,4600,3220,1380,52
2025-01-11,ST02,Howrah,P02,Refined Oil 1L,Packaged Food,120,90,56,6720,5040,1680,52
2025-01-11,ST02,Howrah,P03,Milk 1L,Dairy,40,28,82,3280,2296,984,52
2025-01-11,ST02,Howrah,P04,Curd 500g,Dairy,35,24,57,1995,1368,627,52
2025-01-11,ST02,Howrah,P05,Cola 1L,Beverages,30,20,135,4050,2700,1350,52
2025-01-11,ST02,Howrah,P06,Orange Juice 1L,Beverages,60,42,144,8640,6048,2592,52
2025-01-11,ST02,Howrah,P07,Bath Soap,Personal Care,25,15,42,1050,630,420,52
2025-01-11,ST02,Howrah,P08,Shampoo 200ml,Personal Care,140,100,62,8680,6200,2480,52
2025-01-11,ST02,Howrah,P09,Detergent 1kg,Home Care,80,55,91,7280,5005,2275,52
2025-01-11,ST02,Howrah,P10,Floor Cleaner 1L,Home Care,95,70,39,3705,2730,975,52
2025-01-12,ST01,MG Road,P01,Premium Rice 5kg,Packaged Food,50,35,96,4800,3360,1440,61
2025-01-12,ST01,MG Road,P02,Refined Oil 1L,Packaged Food,120,90,82,9840,7380,2460,61
2025-01-12,ST01,MG Road,P03,Milk 1L,Dairy,40,28,52,2080,1456,624,61
2025-01-12,ST01,MG Road,P04,Curd 500g,Dairy,35,24,50,1750,1200,550,61
2025-01-12,ST01,MG Road,P05,Cola 1L,Beverages,30,20,88,2640,1760,880,61
2025-01-12,ST01,MG Road,P06,Orange Juice 1L,Beverages,60,42,86,5160,3612,1548,61
2025-01-12,ST01,MG Road,P07,Bath Soap,Personal Care,25,15,74,1850,1110,740,61
2025-01-12,ST01,MG Road,P08,Shampoo 200ml,Personal Care,140,100,74,10360,7400,2960,61
2025-01-12,ST01,MG Road,P09,Detergent 1kg,Home Care,80,55,46,3680,2530,1150,61
2025-01-12,ST01,MG Road,P10,Floor Cleaner 1L,Home Care,95,70,42,3990,2940,1050,61
2025-01-12,ST02,Howrah,P01,Premium Rice 5kg,Packaged Food,50,35,45,2250,1575,675,54
2025-01-12,ST02,Howrah,P02,Refined Oil 1L,Packaged Food,120,90,43,5160,3870,1290,54
2025-01-12,ST02,Howrah,P03,Milk 1L,Dairy,40,28,101,4040,2828,1212,54
2025-01-12,ST02,Howrah,P04,Curd 500g,Dairy,35,24,40,1400,960,440,54
2025-01-12,ST02,Howrah,P05,Cola 1L,Beverages,30,20,139,4170,2780,1390,54
2025-01-12,ST02,Howrah,P06,Orange Juice 1L,Beverages,60,42,93,5580,3906,1674,54
2025-01-12,ST02,Howrah,P07,Bath Soap,Personal Care,25,15,93,2325,1395,930,54
2025-01-12,ST02,Howrah,P08,Shampoo 200ml,Personal Care,140,100,84,11760,8400,3360,54
2025-01-12,ST02,Howrah,P09,Detergent 1kg,Home Care,80,55,52,4160,2860,1300,54
2025-01-12,ST02,Howrah,P10,Floor Cleaner 1L,Home Care,95,70,30,2850,2100,750,54
2025-01-13,ST01,MG Road,P01,Premium Rice 5kg,Packaged Food,50,35,84,4200,2940,1260,57
2025-01-13,ST01,MG Road,P02,Refined Oil 1L,Packaged Food,120,90,50,6000,4500,1500,57
2025-01-13,ST01,MG Road,P03,Milk 1L,Dairy,40,28,111,4440,3108,1332,57
2025-01-13,ST01,MG Road,P04,Curd 500g,Dairy,35,24,106,3710,2544,1166,57
2025-01-13,ST01,MG Road,P05,Cola 1L,Beverages,30,20,57,1710,1140,570,57
2025-01-13,ST01,MG Road,P06,Orange Juice 1L,Beverages,60,42,142,8520,5964,2556,57
2025-01-13,ST01,MG Road,P07,Bath Soap,Personal Care,25,15,70,1750,1050,700,57
2025-01-13,ST01,MG Road,P08,Shampoo 200ml,Personal Care,140,100,86,12040,8600,3440,57
2025-01-13,ST01,MG Road,P09,Detergent 1kg,Home Care,80,55,78,6240,4290,1950,57
2025-01-13,ST01,MG Road,P10,Floor Cleaner 1L,Home Care,95,70,30,2850,2100,750,57
2025-01-13,ST02,Howrah,P01,Premium Rice 5kg,Packaged Food,50,35,80,4000,2800,1200,72
2025-01-13,ST02,Howrah,P02,Refined Oil 1L,Packaged Food,120,90,53,6360,4770,1590,72
2025-01-13,ST02,Howrah,P03,Milk 1L,Dairy,40,28,53,2120,1484,636,72
2025-01-13,ST02,Howrah,P04,Curd 500g,Dairy,35,24,111,3885,2664,1221,72
2025-01-13,ST02,Howrah,P05,Cola 1L,Beverages,30,20,67,2010,1340,670,72
2025-01-13,ST02,Howrah,P06,Orange Juice 1L,Beverages,60,42,144,8640,6048,2592,72
2025-01-13,ST02,Howrah,P07,Bath Soap,Personal Care,25,15,48,1200,720,480,72
2025-01-13,ST02,Howrah,P08,Shampoo 200ml,Personal Care,140,100,95,13300,9500,3800,72
2025-01-13,ST02,Howrah,P09,Detergent 1kg,Home Care,80,55,81,6480,4455,2025,72
2025-01-13,ST02,Howrah,P10,Floor Cleaner 1L,Home Care,95,70,48,4560,3360,1200,72
2025-01-14,ST01,MG Road,P01,Premium Rice 5kg,Packaged Food,50,35,92,4600,3220,1380,63
2025-01-14,ST01,MG Road,P02,Refined Oil 1L,Packaged Food,120,90,103,12360,9270,3090,63
2025-01-14,ST01,MG Road,P03,Milk 1L,Dairy,40,28,85,3400,2380,1020,63
2025-01-14,ST01,MG Road,P04,Curd 500g,Dairy,35,24,64,2240,1536,704,63
2025-01-14,ST01,MG Road,P05,Cola 1L,Beverages,30,20,90,2700,1800,900,63
2025-01-14,ST01,MG Road,P06,Orange Juice 1L,Beverages,60,42,123,7380,5166,2214,63
2025-01-14,ST01,MG Road,P07,Bath Soap,Personal Care,25,15,67,1675,1005,670,63
2025-01-14,ST01,MG Road,P08,Shampoo 200ml,Personal Care,140,100,67,9380,6700,2680,63
2025-01-14,ST01,MG Road,P09,Detergent 1kg,Home Care,80,55,74,5920,4070,1850,63
2025-01-14,ST01,MG Road,P10,Floor Cleaner 1L,Home Care,95,70,71,6745,4970,1775,63
2025-01-14,ST02,Howrah,P01,Premium Rice 5kg,Packaged Food,50,35,117,5850,4095,1755,48
2025-01-14,ST02,Howrah,P02,Refined Oil 1L,Packaged Food,120,90,42,5040,3780,1260,48
2025-01-14,ST02,Howrah,P03,Milk 1L,Dairy,40,28,72,2880,2016,864,48
2025-01-14,ST02,Howrah,P04,Curd 500g,Dairy,35,24,119,4165,2856,1309,48
2025-01-14,ST02,Howrah,P05,Cola 1L,Beverages,30,20,73,2190,1460,730,48
2025-01-14,ST02,Howrah,P06,Orange Juice 1L,Beverages,60,42,83,4980,3486,1494,48
2025-01-14,ST02,Howrah,P07,Bath Soap,Personal Care,25,15,41,1025,615,410,48
2025-01-14,ST02,Howrah,P08,Shampoo 200ml,Personal Care,140,100,45,6300,4500,1800,48
2025-01-14,ST02,Howrah,P09,Detergent 1kg,Home Care,80,55,45,3600,2475,1125,48
2025-01-14,ST02,Howrah,P10,Floor Cleaner 1L,Home Care,95,70,96,9120,6720,2400,48
2025-01-15,ST01,MG Road,P01,Premium Rice 5kg,Packaged Food,50,35,115,5750,4025,1725,71
2025-01-15,ST01,MG Road,P02,Refined Oil 1L,Packaged Food,120,90,63,7560,5670,1890,71
2025-01-15,ST01,MG Road,P03,Milk 1L,Dairy,40,28,114,4560,3192,1368,71
2025-01-15,ST01,MG Road,P04,Curd 500g,Dairy,35,24,96,3360,2304,1056,71
2025-01-15,ST01,MG Road,P05,Cola 1L,Beverages,30,20,69,2070,1380,690,71
2025-01-15,ST01,MG Road,P06,Orange Juice 1L,Beverages,60,42,109,6540,4578,1962,71
2025-01-15,ST01,MG Road,P07,Bath Soap,Personal Care,25,15,36,900,540,360,71
2025-01-15,ST01,MG Road,P08,Shampoo 200ml,Personal Care,140,100,72,10080,7200,2880,71
2025-01-15,ST01,MG Road,P09,Detergent 1kg,Home Care,80,55,74,5920,4070,1850,71
2025-01-15,ST01,MG Road,P10,Floor Cleaner 1L,Home Care,95,70,76,7220,5320,1900,71
2025-01-15,ST02,Howrah,P01,Premium Rice 5kg,Packaged Food,50,35,63,3150,2205,945,40
2025-01-15,ST02,Howrah,P02,Refined Oil 1L,Packaged Food,120,90,112,13440,10080,3360,40
2025-01-15,ST02,Howrah,P03,Milk 1L,Dairy,40,28,64,2560,1792,768,40
2025-01-15,ST02,Howrah,P04,Curd 500g,Dairy,35,24,41,1435,984,451,40
2025-01-15,ST02,Howrah,P05,Cola 1L,Beverages,30,20,106,3180,2120,1060,40
2025-01-15,ST02,Howrah,P06,Orange Juice 1L,Beverages,60,42,55,3300,2310,990,40
2025-01-15,ST02,Howrah,P07,Bath Soap,Personal Care,25,15,87,2175,1305,870,40
2025-01-15,ST02,Howrah,P08,Shampoo 200ml,Personal Care,140,100,82,11480,8200,3280,40
2025-01-15,ST02,Howrah,P09,Detergent 1kg,Home Care,80,55,52,4160,2860,1300,40
2025-01-15,ST02,Howrah,P10,Floor Cleaner 1L,Home Care,95,70,65,6175,4550,1625,40
2025-01-16,ST01,MG Road,P01,Premium Rice 5kg,Packaged Food,50,35,66,3300,2310,990,44
2025-01-16,ST01,MG Road,P02,Refined Oil 1L,Packaged Food,120,90,55,6600,4950,1650,44
2025-01-16,ST01,MG Road,P03,Milk 1L,Dairy,40,28,44,1760,1232,528,44
2025-01-16,ST01,MG Road,P04,Curd 500g,Dairy,35,24,114,3990,2736,1254,44
2025-01-16,ST01,MG Road,P05,Cola 1L,Beverages,30,20,110,3300,2200,1100,44
2025-01-16,ST01,MG Road,P06,Orange Juice 1L,Beverages,60,42,121,7260,5082,2178,44
2025-01-16,ST01,MG Road,P07,Bath Soap,Personal Care,25,15,61,1525,915,610,44
2025-01-16,ST01,MG Road,P08,Shampoo 200ml,Personal Care,140,100,81,11340,8100,3240,44
2025-01-16,ST01,MG Road,P09,Detergent 1kg,Home Care,80,55,98,7840,5390,2450,44
2025-01-16,ST01,MG Road,P10,Floor Cleaner 1L,Home Care,95,70,46,4370,3220,1150,44
2025-01-16,ST02,Howrah,P01,Premium Rice 5kg,Packaged Food,50,35,67,3350,2345,1005,47
2025-01-16,ST02,Howrah,P02,Refined Oil 1L,Packaged Food,120,90,103,12360,9270,3090,47
2025-01-16,ST02,Howrah,P03,Milk 1L,Dairy,40,28,50,2000,1400,600,47
2025-01-16,ST02,Howrah,P04,Curd 500g,Dairy,35,24,91,3185,2184,1001,47
2025-01-16,ST02,Howrah,P05,Cola 1L,Beverages,30,20,86,2580,1720,860,47
2025-01-16,ST02,Howrah,P06,Orange Juice 1L,Beverages,60,42,99,5940,4158,1782,47
2025-01-16,ST02,Howrah,P07,Bath Soap,Personal Care,25,15,37,925,555,370,47
2025-01-16,ST02,Howrah,P08,Shampoo 200ml,Personal Care,140,100,38,5320,3800,1520,47
2025-01-16,ST02,Howrah,P09,Detergent 1kg,Home Care,80,55,40,3200,2200,1000,47
2025-01-16,ST02,Howrah,P10,Floor Cleaner 1L,Home Care,95,70,60,5700,4200,1500,47
2025-01-17,ST01,MG Road,P01,Premium Rice 5kg,Packaged Food,50,35,89,4450,3115,1335,64
2025-01-17,ST01,MG Road,P02,Refined Oil 1L,Packaged Food,120,90,55,6600,4950,1650,64
2025-01-17,ST01,MG Road,P03,Milk 1L,Dairy,40,28,80,3200,2240,960,64
2025-01-17,ST01,MG Road,P04,Curd 500g,Dairy,35,24,66,2310,1584,726,64
2025-01-17,ST01,MG Road,P05,Cola 1L,Beverages,30,20,64,1920,1280,640,64
2025-01-17,ST01,MG Road,P06,Orange Juice 1L,Beverages,60,42,54,3240,2268,972,64
2025-01-17,ST01,MG Road,P07,Bath Soap,Personal Care,25,15,76,1900,1140,760,64
2025-01-17,ST01,MG Road,P08,Shampoo 200ml,Personal Care,140,100,32,4480,3200,1280,64
2025-01-17,ST01,MG Road,P09,Detergent 1kg,Home Care,80,55,39,3120,2145,975,64
2025-01-17,ST01,MG Road,P10,Floor Cleaner 1L,Home Care,95,70,96,9120,6720,2400,64
2025-01-17,ST02,Howrah,P01,Premium Rice 5kg,Packaged Food,50,35,99,4950,3465,1485,52
2025-01-17,ST02,Howrah,P02,Refined Oil 1L,Packaged Food,120,90,48,5760,4320,1440,52
2025-01-17,ST02,Howrah,P03,Milk 1L,Dairy,40,28,118,4720,3304,1416,52
2025-01-17,ST02,Howrah,P04,Curd 500g,Dairy,35,24,80,2800,1920,880,52
2025-01-17,ST02,Howrah,P05,Cola 1L,Beverages,30,20,53,1590,1060,530,52
2025-01-17,ST02,Howrah,P06,Orange Juice 1L,Beverages,60,42,60,3600,2520,1080,52
2025-01-17,ST02,Howrah,P07,Bath Soap,Personal Care,25,15,96,2400,1440,960,52
2025-01-17,ST02,Howrah,P08,Shampoo 200ml,Personal Care,140,100,54,7560,5400,2160,52
2025-01-17,ST02,Howrah,P09,Detergent 1kg,Home Care,80,55,30,2400,1650,750,52
2025-01-17,ST02,Howrah,P10,Floor Cleaner 1L,Home Care,95,70,31,2945,2170,775,52
2025-01-18,ST01,MG Road,P01,Premium Rice 5kg,Packaged Food,50,35,114,5700,3990,1710,67
2025-01-18,ST01,MG Road,P02,Refined Oil 1L,Packaged Food,120,90,83,9960,7470,2490,67
2025-01-18,ST01,MG Road,P03,Milk 1L,Dairy,40,28,70,2800,1960,840,67
2025-01-18,ST01,MG Road,P04,Curd 500g,Dairy,35,24,109,3815,2616,1199,67
2025-01-18,ST01,MG Road,P05,Cola 1L,Beverages,30,20,116,3480,2320,1160,67
2025-01-18,ST01,MG Road,P06,Orange Juice 1L,Beverages,60,42,95,5700,3990,1710,67
2025-01-18,ST01,MG Road,P07,Bath Soap,Personal Care,25,15,31,775,465,310,67
2025-01-18,ST01,MG Road,P08,Shampoo 200ml,Personal Care,140,100,30,4200,3000,1200,67
2025-01-18,ST01,MG Road,P09,Detergent 1kg,Home Care,80,55,49,3920,2695,1225,67
2025-01-18,ST01,MG Road,P10,Floor Cleaner 1L,Home Care,95,70,75,7125,5250,1875,67
2025-01-18,ST02,Howrah,P01,Premium Rice 5kg,Packaged Food,50,35,112,5600,3920,1680,73
2025-01-18,ST02,Howrah,P02,Refined Oil 1L,Packaged Food,120,90,88,10560,7920,2640,73
2025-01-18,ST02,Howrah,P03,Milk 1L,Dairy,40,28,87,3480,2436,1044,73
2025-01-18,ST02,Howrah,P04,Curd 500g,Dairy,35,24,56,1960,1344,616,73
2025-01-18,ST02,Howrah,P05,Cola 1L,Beverages,30,20,74,2220,1480,740,73
2025-01-18,ST02,Howrah,P06,Orange Juice 1L,Beverages,60,42,68,4080,2856,1224,73
2025-01-18,ST02,Howrah,P07,Bath Soap,Personal Care,25,15,68,1700,1020,680,73
2025-01-18,ST02,Howrah,P08,Shampoo 200ml,Personal Care,140,100,44,6160,4400,1760,73
2025-01-18,ST02,Howrah,P09,Detergent 1kg,Home Care,80,55,77,6160,4235,1925,73
2025-01-18,ST02,Howrah,P10,Floor Cleaner 1L,Home Care,95,70,49,4655,3430,1225,73
2025-01-19,ST01,MG Road,P01,Premium Rice 5kg,Packaged Food,50,35,108,5400,3780,1620,63
2025-01-19,ST01,MG Road,P02,Refined Oil 1L,Packaged Food,120,90,84,10080,7560,2520,63
2025-01-19,ST01,MG Road,P03,Milk 1L,Dairy,40,28,51,2040,1428,612,63
2025-01-19,ST01,MG Road,P04,Curd 500g,Dairy,35,24,99,3465,2376,1089,63
2025-01-19,ST01,MG Road,P05,Cola 1L,Beverages,30,20,88,2640,1760,880,63
2025-01-19,ST01,MG Road,P06,Orange Juice 1L,Beverages,60,42,70,4200,2940,1260,63
2025-01-19,ST01,MG Road,P07,Bath Soap,Personal Care,25,15,54,1350,810,540,63
2025-01-19,ST01,MG Road,P08,Shampoo 200ml,Personal Care,140,100,42,5880,4200,1680,63
2025-01-19,ST01,MG Road,P09,Detergent 1kg,Home Care,80,55,83,6640,4565,2075,63
2025-01-19,ST01,MG Road,P10,Floor Cleaner 1L,Home Care,95,70,39,3705,2730,975,63
2025-01-19,ST02,Howrah,P01,Premium Rice 5kg,Packaged Food,50,35,68,3400,2380,1020,72
2025-01-19,ST02,Howrah,P02,Refined Oil 1L,Packaged Food,120,90,103,12360,9270,3090,72
2025-01-19,ST02,Howrah,P03,Milk 1L,Dairy,40,28,105,4200,2940,1260,72
2025-01-19,ST02,Howrah,P04,Curd 500g,Dairy,35,24,51,1785,1224,561,72
2025-01-19,ST02,Howrah,P05,Cola 1L,Beverages,30,20,132,3960,2640,1320,72
2025-01-19,ST02,Howrah,P06,Orange Juice 1L,Beverages,60,42,126,7560,5292,2268,72
2025-01-19,ST02,Howrah,P07,Bath Soap,Personal Care,25,15,31,775,465,310,72
2025-01-19,ST02,Howrah,P08,Shampoo 200ml,Personal Care,140,100,51,7140,5100,2040,72
2025-01-19,ST02,Howrah,P09,Detergent 1kg,Home Care,80,55,58,4640,3190,1450,72
2025-01-19,ST02,Howrah,P10,Floor Cleaner 1L,Home Care,95,70,83,7885,5810,2075,72
2025-01-20,ST01,MG Road,P01,Premium Rice 5kg,Packaged Food,50,35,56,2800,1960,840,30
2025-01-20,ST01,MG Road,P02,Refined Oil 1L,Packaged Food,120,90,79,9480,7110,2370,30
2025-01-20,ST01,MG Road,P03,Milk 1L,Dairy,40,28,95,3800,2660,1140,30
2025-01-20,ST01,MG Road,P04,Curd 500g,Dairy,35,24,51,1785,1224,561,30
2025-01-20,ST01,MG Road,P05,Cola 1L,Beverages,30,20,126,3780,2520,1260,30
2025-01-20,ST01,MG Road,P06,Orange Juice 1L,Beverages,60,42,137,8220,5754,2466,30
2025-01-20,ST01,MG Road,P07,Bath Soap,Personal Care,25,15,33,825,495,330,30
2025-01-20,ST01,MG Road,P08,Shampoo 200ml,Personal Care,140,100,80,11200,8000,3200,30
2025-01-20,ST01,MG Road,P09,Detergent 1kg,Home Care,80,55,95,7600,5225,2375,30
2025-01-20,ST01,MG Road,P10,Floor Cleaner 1L,Home Care,95,70,91,8645,6370,2275,30
2025-01-20,ST02,Howrah,P01,Premium Rice 5kg,Packaged Food,50,35,60,3000,2100,900,32
2025-01-20,ST02,Howrah,P02,Refined Oil 1L,Packaged Food,120,90,81,9720,7290,2430,32
2025-01-20,ST02,Howrah,P03,Milk 1L,Dairy,40,28,108,4320,3024,1296,32
2025-01-20,ST02,Howrah,P04,Curd 500g,Dairy,35,24,60,2100,1440,660,32
2025-01-20,ST02,Howrah,P05,Cola 1L,Beverages,30,20,122,3660,2440,1220,32
2025-01-20,ST02,Howrah,P06,Orange Juice 1L,Beverages,60,42,140,8400,5880,2520,32
2025-01-20,ST02,Howrah,P07,Bath Soap,Personal Care,25,15,34,850,510,340,32
2025-01-20,ST02,Howrah,P08,Shampoo 200ml,Personal Care,140,100,30,4200,3000,1200,32
2025-01-20,ST02,Howrah,P09,Detergent 1kg,Home Care,80,55,64,5120,3520,1600,32
2025-01-20,ST02,Howrah,P10,Floor Cleaner 1L,Home Care,95,70,39,3705,2730,975,32
2025-01-21,ST01,MG Road,P01,Premium Rice 5kg,Packaged Food,50,35,51,2550,1785,765,65
2025-01-21,ST01,MG Road,P02,Refined Oil 1L,Packaged Food,120,90,96,11520,8640,2880,65
2025-01-21,ST01,MG Road,P03,Milk 1L,Dairy,40,28,67,2680,1876,804,65
2025-01-21,ST01,MG Road,P04,Curd 500g,Dairy,35,24,42,1470,1008,462,65
2025-01-21,ST01,MG Road,P05,Cola 1L,Beverages,30,20,139,4170,2780,1390,65
2025-01-21,ST01,MG Road,P06,Orange Juice 1L,Beverages,60,42,94,5640,3948,1692,65
2025-01-21,ST01,MG Road,P07,Bath Soap,Personal Care,25,15,31,775,465,310,65
2025-01-21,ST01,MG Road,P08,Shampoo 200ml,Personal Care,140,100,73,10220,7300,2920,65
2025-01-21,ST01,MG Road,P09,Detergent 1kg,Home Care,80,55,52,4160,2860,1300,65
2025-01-21,ST01,MG Road,P10,Floor Cleaner 1L,Home Care,95,70,88,8360,6160,2200,65
2025-01-21,ST02,Howrah,P01,Premium Rice 5kg,Packaged Food,50,35,114,5700,3990,1710,32
2025-01-21,ST02,Howrah,P02,Refined Oil 1L,Packaged Food,120,90,113,13560,10170,3390,32
2025-01-21,ST02,Howrah,P03,Milk 1L,Dairy,40,28,48,1920,1344,576,32
2025-01-21,ST02,Howrah,P04,Curd 500g,Dairy,35,24,81,2835,1944,891,32
2025-01-21,ST02,Howrah,P05,Cola 1L,Beverages,30,20,62,1860,1240,620,32
2025-01-21,ST02,Howrah,P06,Orange Juice 1L,Beverages,60,42,67,4020,2814,1206,32
2025-01-21,ST02,Howrah,P07,Bath Soap,Personal Care,25,15,34,850,510,340,32
2025-01-21,ST02,Howrah,P08,Shampoo 200ml,Personal Care,140,100,80,11200,8000,3200,32
2025-01-21,ST02,Howrah,P09,Detergent 1kg,Home Care,80,55,88,7040,4840,2200,32
2025-01-21,ST02,Howrah,P10,Floor Cleaner 1L,Home Care,95,70,46,4370,3220,1150,32
2025-01-22,ST01,MG Road,P01,Premium Rice 5kg,Packaged Food,50,35,87,4350,3045,1305,58
2025-01-22,ST01,MG Road,P02,Refined Oil 1L,Packaged Food,120,90,73,8760,6570,2190,58
2025-01-22,ST01,MG Road,P03,Milk 1L,Dairy,40,28,112,4480,3136,1344,58
2025-01-22,ST01,MG Road,P04,Curd 500g,Dairy,35,24,97,3395,2328,1067,58
2025-01-22,ST01,MG Road,P05,Cola 1L,Beverages,30,20,125,3750,2500,1250,58
2025-01-22,ST01,MG Road,P06,Orange Juice 1L,Beverages,60,42,129,7740,5418,2322,58
2025-01-22,ST01,MG Road,P07,Bath Soap,Personal Care,25,15,31,775,465,310,58
2025-01-22,ST01,MG Road,P08,Shampoo 200ml,Personal Care,140,100,69,9660,6900,2760,58
2025-01-22,ST01,MG Road,P09,Detergent 1kg,Home Care,80,55,71,5680,3905,1775,58
2025-01-22,ST01,MG Road,P10,Floor Cleaner 1L,Home Care,95,70,30,2850,2100,750,58
2025-01-22,ST02,Howrah,P01,Premium Rice 5kg,Packaged Food,50,35,45,2250,1575,675,69
2025-01-22,ST02,Howrah,P02,Refined Oil 1L,Packaged Food,120,90,104,12480,9360,3120,69
2025-01-22,ST02,Howrah,P03,Milk 1L,Dairy,40,28,102,4080,2856,1224,69
2025-01-22,ST02,Howrah,P04,Curd 500g,Dairy,35,24,111,3885,2664,1221,69
2025-01-22,ST02,Howrah,P05,Cola 1L,Beverages,30,20,72,2160,1440,720,69
2025-01-22,ST02,Howrah,P06,Orange Juice 1L,Beverages,60,42,69,4140,2898,1242,69
2025-01-22,ST02,Howrah,P07,Bath Soap,Personal Care,25,15,78,1950,1170,780,69
2025-01-22,ST02,Howrah,P08,Shampoo 200ml,Personal Care,140,100,74,10360,7400,2960,69
2025-01-22,ST02,Howrah,P09,Detergent 1kg,Home Care,80,55,76,6080,4180,1900,69
2025-01-22,ST02,Howrah,P10,Floor Cleaner 1L,Home Care,95,70,63,5985,4410,1575,69
2025-01-23,ST01,MG Road,P01,Premium Rice 5kg,Packaged Food,50,35,50,2500,1750,750,39
2025-01-23,ST01,MG Road,P02,Refined Oil 1L,Packaged Food,120,90,68,8160,6120,2040,39
2025-01-23,ST01,MG Road,P03,Milk 1L,Dairy,40,28,58,2320,1624,696,39
2025-01-23,ST01,MG Road,P04,Curd 500g,Dairy,35,24,94,3290,2256,1034,39
2025-01-23,ST01,MG Road,P05,Cola 1L,Beverages,30,20,63,1890,1260,630,39
2025-01-23,ST01,MG Road,P06,Orange Juice 1L,Beverages,60,42,141,8460,5922,2538,39
2025-01-23,ST01,MG Road,P07,Bath Soap,Personal Care,25,15,77,1925,1155,770,39
2025-01-23,ST01,MG Road,P08,Shampoo 200ml,Personal Care,140,100,47,6580,4700,1880,39
2025-01-23,ST01,MG Road,P09,Detergent 1kg,Home Care,80,55,70,5600,3850,1750,39
2025-01-23,ST01,MG Road,P10,Floor Cleaner 1L,Home Care,95,70,67,6365,4690,1675,39
2025-01-23,ST02,Howrah,P01,Premium Rice 5kg,Packaged Food,50,35,102,5100,3570,1530,39
2025-01-23,ST02,Howrah,P02,Refined Oil 1L,Packaged Food,120,90,88,10560,7920,2640,39
2025-01-23,ST02,Howrah,P03,Milk 1L,Dairy,40,28,54,2160,1512,648,39
2025-01-23,ST02,Howrah,P04,Curd 500g,Dairy,35,24,43,1505,1032,473,39
2025-01-23,ST02,Howrah,P05,Cola 1L,Beverages,30,20,105,3150,2100,1050,39
2025-01-23,ST02,Howrah,P06,Orange Juice 1L,Beverages,60,42,125,7500,5250,2250,39
2025-01-23,ST02,Howrah,P07,Bath Soap,Personal Care,25,15,35,875,525,350,39
2025-01-23,ST02,Howrah,P08,Shampoo 200ml,Personal Care,140,100,80,11200,8000,3200,39
2025-01-23,ST02,Howrah,P09,Detergent 1kg,Home Care,80,55,30,2400,1650,750,39
2025-01-23,ST02,Howrah,P10,Floor Cleaner 1L,Home Care,95,70,77,7315,5390,1925,39
2025-01-24,ST01,MG Road,P01,Premium Rice 5kg,Packaged Food,50,35,110,5500,3850,1650,61
2025-01-24,ST01,MG Road,P02,Refined Oil 1L,Packaged Food,120,90,54,6480,4860,1620,61
2025-01-24,ST01,MG Road,P03,Milk 1L,Dairy,40,28,83,3320,2324,996,61
2025-01-24,ST01,MG Road,P04,Curd 500g,Dairy,35,24,117,4095,2808,1287,61
2025-01-24,ST01,MG Road,P05,Cola 1L,Beverages,30,20,50,1500,1000,500,61
2025-01-24,ST01,MG Road,P06,Orange Juice 1L,Beverages,60,42,111,6660,4662,1998,61
2025-01-24,ST01,MG Road,P07,Bath Soap,Personal Care,25,15,52,1300,780,520,61
2025-01-24,ST01,MG Road,P08,Shampoo 200ml,Personal Care,140,100,80,11200,8000,3200,61
2025-01-24,ST01,MG Road,P09,Detergent 1kg,Home Care,80,55,63,5040,3465,1575,61
2025-01-24,ST01,MG Road,P10,Floor Cleaner 1L,Home Care,95,70,43,4085,3010,1075,61
2025-01-24,ST02,Howrah,P01,Premium Rice 5kg,Packaged Food,50,35,79,3950,2765,1185,69
2025-01-24,ST02,Howrah,P02,Refined Oil 1L,Packaged Food,120,90,105,12600,9450,3150,69
2025-01-24,ST02,Howrah,P03,Milk 1L,Dairy,40,28,119,4760,3332,1428,69
2025-01-24,ST02,Howrah,P04,Curd 500g,Dairy,35,24,79,2765,1896,869,69
2025-01-24,ST02,Howrah,P05,Cola 1L,Beverages,30,20,93,2790,1860,930,69
2025-01-24,ST02,Howrah,P06,Orange Juice 1L,Beverages,60,42,101,6060,4242,1818,69
2025-01-24,ST02,Howrah,P07,Bath Soap,Personal Care,25,15,81,2025,1215,810,69
2025-01-24,ST02,Howrah,P08,Shampoo 200ml,Personal Care,140,100,47,6580,4700,1880,69
2025-01-24,ST02,Howrah,P09,Detergent 1kg,Home Care,80,55,35,2800,1925,875,69
2025-01-24,ST02,Howrah,P10,Floor Cleaner 1L,Home Care,95,70,82,7790,5740,2050,69
2025-01-25,ST01,MG Road,P01,Premium Rice 5kg,Packaged Food,50,35,112,5600,3920,1680,66
2025-01-25,ST01,MG Road,P02,Refined Oil 1L,Packaged Food,120,90,80,9600,7200,2400,66
2025-01-25,ST01,MG Road,P03,Milk 1L,Dairy,40,28,53,2120,1484,636,66
2025-01-25,ST01,MG Road,P04,Curd 500g,Dairy,35,24,42,1470,1008,462,66
2025-01-25,ST01,MG Road,P05,Cola 1L,Beverages,30,20,139,4170,2780,1390,66
2025-01-25,ST01,MG Road,P06,Orange Juice 1L,Beverages,60,42,134,8040,5628,2412,66
2025-01-25,ST01,MG Road,P07,Bath Soap,Personal Care,25,15,45,1125,675,450,66
2025-01-25,ST01,MG Road,P08,Shampoo 200ml,Personal Care,140,100,78,10920,7800,3120,66
2025-01-25,ST01,MG Road,P09,Detergent 1kg,Home Care,80,55,49,3920,2695,1225,66
2025-01-25,ST01,MG Road,P10,Floor Cleaner 1L,Home Care,95,70,50,4750,3500,1250,66
2025-01-25,ST02,Howrah,P01,Premium Rice 5kg,Packaged Food,50,35,110,5500,3850,1650,56
2025-01-25,ST02,Howrah,P02,Refined Oil 1L,Packaged Food,120,90,97,11640,8730,2910,56
2025-01-25,ST02,Howrah,P03,Milk 1L,Dairy,40,28,81,3240,2268,972,56
2025-01-25,ST02,Howrah,P04,Curd 500g,Dairy,35,24,54,1890,1296,594,56
2025-01-25,ST02,Howrah,P05,Cola 1L,Beverages,30,20,95,2850,1900,950,56
2025-01-25,ST02,Howrah,P06,Orange Juice 1L,Beverages,60,42,149,8940,6258,2682,56
2025-01-25,ST02,Howrah,P07,Bath Soap,Personal Care,25,15,88,2200,1320,880,56
2025-01-25,ST02,Howrah,P08,Shampoo 200ml,Personal Care,140,100,92,12880,9200,3680,56
2025-01-25,ST02,Howrah,P09,Detergent 1kg,Home Care,80,55,60,4800,3300,1500,56
2025-01-25,ST02,Howrah,P10,Floor Cleaner 1L,Home Care,95,70,46,4370,3220,1150,56
2025-01-26,ST01,MG Road,P01,Premium Rice 5kg,Packaged Food,50,35,92,4600,3220,1380,71
2025-01-26,ST01,MG Road,P02,Refined Oil 1L,Packaged Food,120,90,46,5520,4140,1380,71
2025-01-26,ST01,MG Road,P03,Milk 1L,Dairy,40,28,43,1720,1204,516,71
2025-01-26,ST01,MG Road,P04,Curd 500g,Dairy,35,24,100,3500,2400,1100,71
2025-01-26,ST01,MG Road,P05,Cola 1L,Beverages,30,20,62,1860,1240,620,71
2025-01-26,ST01,MG Road,P06,Orange Juice 1L,Beverages,60,42,116,6960,4872,2088,71
2025-01-26,ST01,MG Road,P07,Bath Soap,Personal Care,25,15,73,1825,1095,730,71
2025-01-26,ST01,MG Road,P08,Shampoo 200ml,Personal Care,140,100,78,10920,7800,3120,71
2025-01-26,ST01,MG Road,P09,Detergent 1kg,Home Care,80,55,39,3120,2145,975,71
2025-01-26,ST01,MG Road,P10,Floor Cleaner 1L,Home Care,95,70,96,9120,6720,2400,71
2025-01-26,ST02,Howrah,P01,Premium Rice 5kg,Packaged Food,50,35,113,5650,3955,1695,70
2025-01-26,ST02,Howrah,P02,Refined Oil 1L,Packaged Food,120,90,58,6960,5220,1740,70
2025-01-26,ST02,Howrah,P03,Milk 1L,Dairy,40,28,84,3360,2352,1008,70
2025-01-26,ST02,Howrah,P04,Curd 500g,Dairy,35,24,63,2205,1512,693,70
2025-01-26,ST02,Howrah,P05,Cola 1L,Beverages,30,20,51,1530,1020,510,70
2025-01-26,ST02,Howrah,P06,Orange Juice 1L,Beverages,60,42,116,6960,4872,2088,70
2025-01-26,ST02,Howrah,P07,Bath Soap,Personal Care,25,15,80,2000,1200,800,70
2025-01-26,ST02,Howrah,P08,Shampoo 200ml,Personal Care,140,100,85,11900,8500,3400,70
2025-01-26,ST02,Howrah,P09,Detergent 1kg,Home Care,80,55,62,4960,3410,1550,70
2025-01-26,ST02,Howrah,P10,Floor Cleaner 1L,Home Care,95,70,44,4180,3080,1100,70
2025-01-27,ST01,MG Road,P01,Premium Rice 5kg,Packaged Food,50,35,107,5350,3745,1605,36
2025-01-27,ST01,MG Road,P02,Refined Oil 1L,Packaged Food,120,90,75,9000,6750,2250,36
2025-01-27,ST01,MG Road,P03,Milk 1L,Dairy,40,28,41,1640,1148,492,36
2025-01-27,ST01,MG Road,P04,Curd 500g,Dairy,35,24,60,2100,1440,660,36
2025-01-27,ST01,MG Road,P05,Cola 1L,Beverages,30,20,52,1560,1040,520,36
2025-01-27,ST01,MG Road,P06,Orange Juice 1L,Beverages,60,42,96,5760,4032,1728,36
2025-01-27,ST01,MG Road,P07,Bath Soap,Personal Care,25,15,72,1800,1080,720,36
2025-01-27,ST01,MG Road,P08,Shampoo 200ml,Personal Care,140,100,32,4480,3200,1280,36
2025-01-27,ST01,MG Road,P09,Detergent 1kg,Home Care,80,55,85,6800,4675,2125,36
2025-01-27,ST01,MG Road,P10,Floor Cleaner 1L,Home Care,95,70,68,6460,4760,1700,36
2025-01-27,ST02,Howrah,P01,Premium Rice 5kg,Packaged Food,50,35,61,3050,2135,915,59
2025-01-27,ST02,Howrah,P02,Refined Oil 1L,Packaged Food,120,90,104,12480,9360,3120,59
2025-01-27,ST02,Howrah,P03,Milk 1L,Dairy,40,28,46,1840,1288,552,59
2025-01-27,ST02,Howrah,P04,Curd 500g,Dairy,35,24,75,2625,1800,825,59
2025-01-27,ST02,Howrah,P05,Cola 1L,Beverages,30,20,83,2490,1660,830,59
2025-01-27,ST02,Howrah,P06,Orange Juice 1L,Beverages,60,42,61,3660,2562,1098,59
2025-01-27,ST02,Howrah,P07,Bath Soap,Personal Care,25,15,84,2100,1260,840,59
2025-01-27,ST02,Howrah,P08,Shampoo 200ml,Personal Care,140,100,47,6580,4700,1880,59
2025-01-27,ST02,Howrah,P09,Detergent 1kg,Home Care,80,55,33,2640,1815,825,59
2025-01-27,ST02,Howrah,P10,Floor Cleaner 1L,Home Care,95,70,97,9215,6790,2425,59
2025-01-28,ST01,MG Road,P01,Premium Rice 5kg,Packaged Food,50,35,114,5700,3990,1710,62
2025-01-28,ST01,MG Road,P02,Refined Oil 1L,Packaged Food,120,90,90,10800,8100,2700,62
2025-01-28,ST01,MG Road,P03,Milk 1L,Dairy,40,28,113,4520,3164,1356,62
2025-01-28,ST01,MG Road,P04,Curd 500g,Dairy,35,24,86,3010,2064,946,62
2025-01-28,ST01,MG Road,P05,Cola 1L,Beverages,30,20,119,3570,2380,1190,62
2025-01-28,ST01,MG Road,P06,Orange Juice 1L,Beverages,60,42,112,6720,4704,2016,62
2025-01-28,ST01,MG Road,P07,Bath Soap,Personal Care,25,15,37,925,555,370,62
2025-01-28,ST01,MG Road,P08,Shampoo 200ml,Personal Care,140,100,68,9520,6800,2720,62
2025-01-28,ST01,MG Road,P09,Detergent 1kg,Home Care,80,55,30,2400,1650,750,62
2025-01-28,ST01,MG Road,P10,Floor Cleaner 1L,Home Care,95,70,54,5130,3780,1350,62
2025-01-28,ST02,Howrah,P01,Premium Rice 5kg,Packaged Food,50,35,85,4250,2975,1275,65
2025-01-28,ST02,Howrah,P02,Refined Oil 1L,Packaged Food,120,90,88,10560,7920,2640,65
2025-01-28,ST02,Howrah,P03,Milk 1L,Dairy,40,28,48,1920,1344,576,65
2025-01-28,ST02,Howrah,P04,Curd 500g,Dairy,35,24,86,3010,2064,946,65
2025-01-28,ST02,Howrah,P05,Cola 1L,Beverages,30,20,65,1950,1300,650,65
2025-01-28,ST02,Howrah,P06,Orange Juice 1L,Beverages,60,42,133,7980,5586,2394,65
2025-01-28,ST02,Howrah,P07,Bath Soap,Personal Care,25,15,89,2225,1335,890,65
2025-01-28,ST02,Howrah,P08,Shampoo 200ml,Personal Care,140,100,70,9800,7000,2800,65
2025-01-28,ST02,Howrah,P09,Detergent 1kg,Home Care,80,55,82,6560,4510,2050,65
2025-01-28,ST02,Howrah,P10,Floor Cleaner 1L,Home Care,95,70,70,6650,4900,1750,65
2025-01-29,ST01,MG Road,P01,Premium Rice 5kg,Packaged Food,50,35,94,4700,3290,1410,59
2025-01-29,ST01,MG Road,P02,Refined Oil 1L,Packaged Food,120,90,74,8880,6660,2220,59
2025-01-29,ST01,MG Road,P03,Milk 1L,Dairy,40,28,86,3440,2408,1032,59
2025-01-29,ST01,MG Road,P04,Curd 500g,Dairy,35,24,73,2555,1752,803,59
2025-01-29,ST01,MG Road,P05,Cola 1L,Beverages,30,20,109,3270,2180,1090,59
2025-01-29,ST01,MG Road,P06,Orange Juice 1L,Beverages,60,42,55,3300,2310,990,59
2025-01-29,ST01,MG Road,P07,Bath Soap,Personal Care,25,15,66,1650,990,660,59
2025-01-29,ST01,MG Road,P08,Shampoo 200ml,Personal Care,140,100,69,9660,6900,2760,59
2025-01-29,ST01,MG Road,P09,Detergent 1kg,Home Care,80,55,84,6720,4620,2100,59
2025-01-29,ST01,MG Road,P10,Floor Cleaner 1L,Home Care,95,70,48,4560,3360,1200,59
2025-01-29,ST02,Howrah,P01,Premium Rice 5kg,Packaged Food,50,35,40,2000,1400,600,41
2025-01-29,ST02,Howrah,P02,Refined Oil 1L,Packaged Food,120,90,56,6720,5040,1680,41
2025-01-29,ST02,Howrah,P03,Milk 1L,Dairy,40,28,71,2840,1988,852,41
2025-01-29,ST02,Howrah,P04,Curd 500g,Dairy,35,24,97,3395,2328,1067,41
2025-01-29,ST02,Howrah,P05,Cola 1L,Beverages,30,20,79,2370,1580,790,41
2025-01-29,ST02,Howrah,P06,Orange Juice 1L,Beverages,60,42,137,8220,5754,2466,41
2025-01-29,ST02,Howrah,P07,Bath Soap,Personal Care,25,15,31,775,465,310,41
2025-01-29,ST02,Howrah,P08,Shampoo 200ml,Personal Care,140,100,63,8820,6300,2520,41
2025-01-29,ST02,Howrah,P09,Detergent 1kg,Home Care,80,55,78,6240,4290,1950,41
2025-01-29,ST02,Howrah,P10,Floor Cleaner 1L,Home Care,95,70,36,3420,2520,900,41
2025-02-07,ST02,Howrah,P05,Cola 1L,Beverages,30,20,128,3840,2560,1280,66
2025-01-30,ST01,MG Road,P01,Premium Rice 5kg,Packaged Food,50,35,97,4850,3395,1455,53
2025-01-30,ST01,MG Road,P02,Refined Oil 1L,Packaged Food,120,90,85,10200,7650,2550,53
2025-01-30,ST01,MG Road,P03,Milk 1L,Dairy,40,28,108,4320,3024,1296,53
2025-01-30,ST01,MG Road,P04,Curd 500g,Dairy,35,24,44,1540,1056,484,53
2025-01-30,ST01,MG Road,P05,Cola 1L,Beverages,30,20,106,3180,2120,1060,53
2025-01-30,ST01,MG Road,P06,Orange Juice 1L,Beverages,60,42,122,7320,5124,2196,53
2025-01-30,ST01,MG Road,P07,Bath Soap,Personal Care,25,15,80,2000,1200,800,53
2025-01-30,ST01,MG Road,P08,Shampoo 200ml,Personal Care,140,100,73,10220,7300,2920,53
2025-01-30,ST01,MG Road,P09,Detergent 1kg,Home Care,80,55,82,6560,4510,2050,53
2025-01-30,ST01,MG Road,P10,Floor Cleaner 1L,Home Care,95,70,80,7600,5600,2000,53
2025-01-30,ST02,Howrah,P01,Premium Rice 5kg,Packaged Food,50,35,62,3100,2170,930,31
2025-01-30,ST02,Howrah,P02,Refined Oil 1L,Packaged Food,120,90,79,9480,7110,2370,31
2025-01-30,ST02,Howrah,P03,Milk 1L,Dairy,40,28,59,2360,1652,708,31
2025-01-30,ST02,Howrah,P04,Curd 500g,Dairy,35,24,61,2135,1464,671,31
2025-01-30,ST02,Howrah,P05,Cola 1L,Beverages,30,20,73,2190,1460,730,31
2025-01-30,ST02,Howrah,P06,Orange Juice 1L,Beverages,60,42,70,4200,2940,1260,31
2025-01-30,ST02,Howrah,P07,Bath Soap,Personal Care,25,15,40,1000,600,400,31
2025-01-30,ST02,Howrah,P08,Shampoo 200ml,Personal Care,140,100,61,8540,6100,2440,31
2025-01-30,ST02,Howrah,P09,Detergent 1kg,Home Care,80,55,36,2880,1980,900,31
2025-01-30,ST02,Howrah,P10,Floor Cleaner 1L,Home Care,95,70,54,5130,3780,1350,31
2025-01-31,ST01,MG Road,P01,Premium Rice 5kg,Packaged Food,50,35,119,5950,4165,1785,43
2025-01-31,ST01,MG Road,P02,Refined Oil 1L,Packaged Food,120,90,99,11880,8910,2970,43
2025-01-31,ST01,MG Road,P03,Milk 1L,Dairy,40,28,74,2960,2072,888,43
2025-01-31,ST01,MG Road,P04,Curd 500g,Dairy,35,24,44,1540,1056,484,43
2025-01-31,ST01,MG Road,P05,Cola 1L,Beverages,30,20,51,1530,1020,510,43
2025-01-31,ST01,MG Road,P06,Orange Juice 1L,Beverages,60,42,145,8700,6090,2610,43
2025-01-31,ST01,MG Road,P07,Bath Soap,Personal Care,25,15,41,1025,615,410,43
2025-01-31,ST01,MG Road,P08,Shampoo 200ml,Personal Care,140,100,58,8120,5800,2320,43
2025-01-31,ST01,MG Road,P09,Detergent 1kg,Home Care,80,55,59,4720,3245,1475,43
2025-01-31,ST01,MG Road,P10,Floor Cleaner 1L,Home Care,95,70,39,3705,2730,975,43
2025-01-31,ST02,Howrah,P01,Premium Rice 5kg,Packaged Food,50,35,115,5750,4025,1725,48
2025-01-31,ST02,Howrah,P02,Refined Oil 1L,Packaged Food,120,90,97,11640,8730,2910,48
2025-01-31,ST02,Howrah,P03,Milk 1L,Dairy,40,28,77,3080,2156,924,48
2025-01-31,ST02,Howrah,P04,Curd 500g,Dairy,35,24,94,3290,2256,1034,48
2025-01-31,ST02,Howrah,P05,Cola 1L,Beverages,30,20,82,2460,1640,820,48
2025-01-31,ST02,Howrah,P06,Orange Juice 1L,Beverages,60,42,101,6060,4242,1818,48
2025-01-31,ST02,Howrah,P07,Bath Soap,Personal Care,25,15,80,2000,1200,800,48
2025-01-31,ST02,Howrah,P08,Shampoo 200ml,Personal Care,140,100,48,6720,4800,1920,48
2025-01-31,ST02,Howrah,P09,Detergent 1kg,Home Care,80,55,71,5680,3905,1775,48
2025-01-31,ST02,Howrah,P10,Floor Cleaner 1L,Home Care,95,70,33,3135,2310,825,48
2025-02-01,ST01,MG Road,P01,Premium Rice 5kg,Packaged Food,50,35,96,4800,3360,1440,41
2025-02-01,ST01,MG Road,P02,Refined Oil 1L,Packaged Food,120,90,90,10800,8100,2700,41
2025-02-01,ST01,MG Road,P03,Milk 1L,Dairy,40,28,52,2080,1456,624,41
2025-02-01,ST01,MG Road,P04,Curd 500g,Dairy,35,24,89,3115,2136,979,41
2025-02-01,ST01,MG Road,P05,Cola 1L,Beverages,30,20,69,2070,1380,690,41
2025-02-01,ST01,MG Road,P06,Orange Juice 1L,Beverages,60,42,98,5880,4116,1764,41
2025-02-01,ST01,MG Road,P07,Bath Soap,Personal Care,25,15,92,2300,1380,920,41
2025-02-01,ST01,MG Road,P08,Shampoo 200ml,Personal Care,140,100,97,13580,9700,3880,41
2025-02-01,ST01,MG Road,P09,Detergent 1kg,Home Care,80,55,65,5200,3575,1625,41
2025-02-01,ST01,MG Road,P10,Floor Cleaner 1L,Home Care,95,70,94,8930,6580,2350,41
2025-02-01,ST02,Howrah,P01,Premium Rice 5kg,Packaged Food,50,35,103,5150,3605,1545,65
2025-02-01,ST02,Howrah,P02,Refined Oil 1L,Packaged Food,120,90,111,13320,9990,3330,65
2025-02-01,ST02,Howrah,P03,Milk 1L,Dairy,40,28,85,3400,2380,1020,65
2025-02-01,ST02,Howrah,P04,Curd 500g,Dairy,35,24,43,1505,1032,473,65
2025-02-01,ST02,Howrah,P05,Cola 1L,Beverages,30,20,83,2490,1660,830,65
2025-02-01,ST02,Howrah,P06,Orange Juice 1L,Beverages,60,42,115,6900,4830,2070,65
2025-02-01,ST02,Howrah,P07,Bath Soap,Personal Care,25,15,99,2475,1485,990,65
2025-02-01,ST02,Howrah,P08,Shampoo 200ml,Personal Care,140,100,46,6440,4600,1840,65
2025-02-01,ST02,Howrah,P09,Detergent 1kg,Home Care,80,55,91,7280,5005,2275,65
2025-02-01,ST02,Howrah,P10,Floor Cleaner 1L,Home Care,95,70,93,8835,6510,2325,65
2025-02-02,ST01,MG Road,P01,Premium Rice 5kg,Packaged Food,50,35,82,4100,2870,1230,40
2025-02-02,ST01,MG Road,P02,Refined Oil 1L,Packaged Food,120,90,107,12840,9630,3210,40
2025-02-02,ST01,MG Road,P03,Milk 1L,Dairy,40,28,107,4280,2996,1284,40
2025-02-02,ST01,MG Road,P04,Curd 500g,Dairy,35,24,99,3465,2376,1089,40
2025-02-02,ST01,MG Road,P05,Cola 1L,Beverages,30,20,90,2700,1800,900,40
2025-02-02,ST01,MG Road,P06,Orange Juice 1L,Beverages,60,42,67,4020,2814,1206,40
2025-02-02,ST01,MG Road,P07,Bath Soap,Personal Care,25,15,85,2125,1275,850,40
2025-02-02,ST01,MG Road,P08,Shampoo 200ml,Personal Care,140,100,60,8400,6000,2400,40
2025-02-02,ST01,MG Road,P09,Detergent 1kg,Home Care,80,55,49,3920,2695,1225,40
2025-02-02,ST01,MG Road,P10,Floor Cleaner 1L,Home Care,95,70,37,3515,2590,925,40
2025-02-02,ST02,Howrah,P01,Premium Rice 5kg,Packaged Food,50,35,46,2300,1610,690,48
2025-02-02,ST02,Howrah,P02,Refined Oil 1L,Packaged Food,120,90,103,12360,9270,3090,48
2025-02-02,ST02,Howrah,P03,Milk 1L,Dairy,40,28,88,3520,2464,1056,48
2025-02-02,ST02,Howrah,P04,Curd 500g,Dairy,35,24,96,3360,2304,1056,48
2025-02-02,ST02,Howrah,P05,Cola 1L,Beverages,30,20,135,4050,2700,1350,48
2025-02-02,ST02,Howrah,P06,Orange Juice 1L,Beverages,60,42,122,7320,5124,2196,48
2025-02-02,ST02,Howrah,P07,Bath Soap,Personal Care,25,15,65,1625,975,650,48
2025-02-02,ST02,Howrah,P08,Shampoo 200ml,Personal Care,140,100,66,9240,6600,2640,48
2025-02-02,ST02,Howrah,P09,Detergent 1kg,Home Care,80,55,68,5440,3740,1700,48
2025-02-02,ST02,Howrah,P10,Floor Cleaner 1L,Home Care,95,70,75,7125,5250,1875,48
2025-02-03,ST01,MG Road,P01,Premium Rice 5kg,Packaged Food,50,35,74,3700,2590,1110,74
2025-02-03,ST01,MG Road,P02,Refined Oil 1L,Packaged Food,120,90,112,13440,10080,3360,74
2025-02-03,ST01,MG Road,P03,Milk 1L,Dairy,40,28,100,4000,2800,1200,74
2025-02-03,ST01,MG Road,P04,Curd 500g,Dairy,35,24,58,2030,1392,638,74
2025-02-03,ST01,MG Road,P05,Cola 1L,Beverages,30,20,147,4410,2940,1470,74
2025-02-03,ST01,MG Road,P06,Orange Juice 1L,Beverages,60,42,120,7200,5040,2160,74
2025-02-03,ST01,MG Road,P07,Bath Soap,Personal Care,25,15,54,1350,810,540,74
2025-02-03,ST01,MG Road,P08,Shampoo 200ml,Personal Care,140,100,94,13160,9400,3760,74
2025-02-03,ST01,MG Road,P09,Detergent 1kg,Home Care,80,55,50,4000,2750,1250,74
2025-02-03,ST01,MG Road,P10,Floor Cleaner 1L,Home Care,95,70,91,8645,6370,2275,74
2025-02-03,ST02,Howrah,P01,Premium Rice 5kg,Packaged Food,50,35,45,2250,1575,675,34
2025-02-03,ST02,Howrah,P02,Refined Oil 1L,Packaged Food,120,90,51,6120,4590,1530,34
2025-02-03,ST02,Howrah,P03,Milk 1L,Dairy,40,28,40,1600,1120,480,34
2025-02-03,ST02,Howrah,P04,Curd 500g,Dairy,35,24,65,2275,1560,715,34
2025-02-03,ST02,Howrah,P05,Cola 1L,Beverages,30,20,149,4470,2980,1490,34
2025-02-03,ST02,Howrah,P06,Orange Juice 1L,Beverages,60,42,75,4500,3150,1350,34
2025-02-03,ST02,Howrah,P07,Bath Soap,Personal Care,25,15,62,1550,930,620,34
2025-02-03,ST02,Howrah,P08,Shampoo 200ml,Personal Care,140,100,87,12180,8700,3480,34
2025-02-03,ST02,Howrah,P09,Detergent 1kg,Home Care,80,55,44,3520,2420,1100,34
2025-02-03,ST02,Howrah,P10,Floor Cleaner 1L,Home Care,95,70,93,8835,6510,2325,34
2025-02-04,ST01,MG Road,P01,Premium Rice 5kg,Packaged Food,50,35,45,2250,1575,675,71
2025-02-04,ST01,MG Road,P02,Refined Oil 1L,Packaged Food,120,90,44,5280,3960,1320,71
2025-02-04,ST01,MG Road,P03,Milk 1L,Dairy,40,28,102,4080,2856,1224,71
2025-02-04,ST01,MG Road,P04,Curd 500g,Dairy,35,24,45,1575,1080,495,71
2025-02-04,ST01,MG Road,P05,Cola 1L,Beverages,30,20,119,3570,2380,1190,71
2025-02-04,ST01,MG Road,P06,Orange Juice 1L,Beverages,60,42,109,6540,4578,1962,71
2025-02-04,ST01,MG Road,P07,Bath Soap,Personal Care,25,15,75,1875,1125,750,71
2025-02-04,ST01,MG Road,P08,Shampoo 200ml,Personal Care,140,100,84,11760,8400,3360,71
2025-02-04,ST01,MG Road,P09,Detergent 1kg,Home Care,80,55,40,3200,2200,1000,71
2025-02-04,ST01,MG Road,P10,Floor Cleaner 1L,Home Care,95,70,57,5415,3990,1425,71
2025-02-04,ST02,Howrah,P01,Premium Rice 5kg,Packaged Food,50,35,46,2300,1610,690,44
2025-02-04,ST02,Howrah,P02,Refined Oil 1L,Packaged Food,120,90,83,9960,7470,2490,44
2025-02-04,ST02,Howrah,P03,Milk 1L,Dairy,40,28,112,4480,3136,1344,44
2025-02-04,ST02,Howrah,P04,Curd 500g,Dairy,35,24,59,2065,1416,649,44
2025-02-04,ST02,Howrah,P05,Cola 1L,Beverages,30,20,102,3060,2040,1020,44
2025-02-04,ST02,Howrah,P06,Orange Juice 1L,Beverages,60,42,133,7980,5586,2394,44
2025-02-04,ST02,Howrah,P07,Bath Soap,Personal Care,25,15,68,1700,1020,680,44
2025-02-04,ST02,Howrah,P08,Shampoo 200ml,Personal Care,140,100,33,4620,3300,1320,44
2025-02-04,ST02,Howrah,P09,Detergent 1kg,Home Care,80,55,62,4960,3410,1550,44
2025-02-04,ST02,Howrah,P10,Floor Cleaner 1L,Home Care,95,70,33,3135,2310,825,44
2025-02-05,ST01,MG Road,P01,Premium Rice 5kg,Packaged Food,50,35,84,4200,2940,1260,67
2025-02-05,ST01,MG Road,P02,Refined Oil 1L,Packaged Food,120,90,106,12720,9540,3180,67
2025-02-05,ST01,MG Road,P03,Milk 1L,Dairy,40,28,48,1920,1344,576,67
2025-02-05,ST01,MG Road,P04,Curd 500g,Dairy,35,24,112,3920,2688,1232,67
2025-02-05,ST01,MG Road,P05,Cola 1L,Beverages,30,20,54,1620,1080,540,67
2025-02-05,ST01,MG Road,P06,Orange Juice 1L,Beverages,60,42,88,5280,3696,1584,67
2025-02-05,ST01,MG Road,P07,Bath Soap,Personal Care,25,15,36,900,540,360,67
2025-02-05,ST01,MG Road,P08,Shampoo 200ml,Personal Care,140,100,93,13020,9300,3720,67
2025-02-05,ST01,MG Road,P09,Detergent 1kg,Home Care,80,55,71,5680,3905,1775,67
2025-02-05,ST01,MG Road,P10,Floor Cleaner 1L,Home Care,95,70,42,3990,2940,1050,67
2025-02-05,ST02,Howrah,P01,Premium Rice 5kg,Packaged Food,50,35,106,5300,3710,1590,33
2025-02-05,ST02,Howrah,P02,Refined Oil 1L,Packaged Food,120,90,83,9960,7470,2490,33
2025-02-05,ST02,Howrah,P03,Milk 1L,Dairy,40,28,54,2160,1512,648,33
2025-02-05,ST02,Howrah,P04,Curd 500g,Dairy,35,24,117,4095,2808,1287,33
2025-02-05,ST02,Howrah,P05,Cola 1L,Beverages,30,20,95,2850,1900,950,33
2025-02-05,ST02,Howrah,P06,Orange Juice 1L,Beverages,60,42,96,5760,4032,1728,33
2025-02-05,ST02,Howrah,P07,Bath Soap,Personal Care,25,15,81,2025,1215,810,33
2025-02-05,ST02,Howrah,P08,Shampoo 200ml,Personal Care,140,100,52,7280,5200,2080,33
2025-02-05,ST02,Howrah,P09,Detergent 1kg,Home Care,80,55,44,3520,2420,1100,33
2025-02-05,ST02,Howrah,P10,Floor Cleaner 1L,Home Care,95,70,72,6840,5040,1800,33
2025-02-06,ST01,MG Road,P01,Premium Rice 5kg,Packaged Food,50,35,97,4850,3395,1455,52
2025-02-06,ST01,MG Road,P02,Refined Oil 1L,Packaged Food,120,90,67,8040,6030,2010,52
2025-02-06,ST01,MG Road,P03,Milk 1L,Dairy,40,28,117,4680,3276,1404,52
2025-02-06,ST01,MG Road,P04,Curd 500g,Dairy,35,24,108,3780,2592,1188,52
2025-02-06,ST01,MG Road,P05,Cola 1L,Beverages,30,20,100,3000,2000,1000,52
2025-02-06,ST01,MG Road,P06,Orange Juice 1L,Beverages,60,42,114,6840,4788,2052,52
2025-02-06,ST01,MG Road,P07,Bath Soap,Personal Care,25,15,46,1150,690,460,52
2025-02-06,ST01,MG Road,P08,Shampoo 200ml,Personal Care,140,100,32,4480,3200,1280,52
2025-02-06,ST01,MG Road,P09,Detergent 1kg,Home Care,80,55,82,6560,4510,2050,52
2025-02-06,ST01,MG Road,P10,Floor Cleaner 1L,Home Care,95,70,87,8265,6090,2175,52
2025-02-06,ST02,Howrah,P01,Premium Rice 5kg,Packaged Food,50,35,117,5850,4095,1755,64
2025-02-06,ST02,Howrah,P02,Refined Oil 1L,Packaged Food,120,90,111,13320,9990,3330,64
2025-02-06,ST02,Howrah,P03,Milk 1L,Dairy,40,28,72,2880,2016,864,64
2025-02-06,ST02,Howrah,P04,Curd 500g,Dairy,35,24,84,2940,2016,924,64
2025-02-06,ST02,Howrah,P05,Cola 1L,Beverages,30,20,67,2010,1340,670,64
2025-02-06,ST02,Howrah,P06,Orange Juice 1L,Beverages,60,42,84,5040,3528,1512,64
2025-02-06,ST02,Howrah,P07,Bath Soap,Personal Care,25,15,52,1300,780,520,64
2025-02-06,ST02,Howrah,P08,Shampoo 200ml,Personal Care,140,100,64,8960,6400,2560,64
2025-02-06,ST02,Howrah,P09,Detergent 1kg,Home Care,80,55,48,3840,2640,1200,64
2025-02-06,ST02,Howrah,P10,Floor Cleaner 1L,Home Care,95,70,34,3230,2380,850,64
2025-02-07,ST01,MG Road,P01,Premium Rice 5kg,Packaged Food,50,35,80,4000,2800,1200,42
2025-02-07,ST01,MG Road,P02,Refined Oil 1L,Packaged Food,120,90,81,9720,7290,2430,42
2025-02-07,ST01,MG Road,P03,Milk 1L,Dairy,40,28,56,2240,1568,672,42
2025-02-07,ST01,MG Road,P04,Curd 500g,Dairy,35,24,91,3185,2184,1001,42
2025-02-07,ST01,MG Road,P05,Cola 1L,Beverages,30,20,114,3420,2280,1140,42
2025-02-07,ST01,MG Road,P06,Orange Juice 1L,Beverages,60,42,77,4620,3234,1386,42
2025-02-07,ST01,MG Road,P07,Bath Soap,Personal Care,25,15,71,1775,1065,710,42
2025-02-07,ST01,MG Road,P08,Shampoo 200ml,Personal Care,140,100,73,10220,7300,2920,42
2025-02-07,ST01,MG Road,P09,Detergent 1kg,Home Care,80,55,89,7120,4895,2225,42
2025-02-07,ST01,MG Road,P10,Floor Cleaner 1L,Home Care,95,70,60,5700,4200,1500,42
2025-02-07,ST02,Howrah,P01,Premium Rice 5kg,Packaged Food,50,35,87,4350,3045,1305,66
2025-02-07,ST02,Howrah,P02,Refined Oil 1L,Packaged Food,120,90,68,8160,6120,2040,66
2025-02-07,ST02,Howrah,P03,Milk 1L,Dairy,40,28,83,3320,2324,996,66
2025-02-07,ST02,Howrah,P04,Curd 500g,Dairy,35,24,87,3045,2088,957,66
2025-02-07,ST02,Howrah,P06,Orange Juice 1L,Beverages,60,42,75,4500,3150,1350,66
2025-02-07,ST02,Howrah,P07,Bath Soap,Personal Care,25,15,72,1800,1080,720,66
2025-02-07,ST02,Howrah,P08,Shampoo 200ml,Personal Care,140,100,50,7000,5000,2000,66
2025-02-07,ST02,Howrah,P09,Detergent 1kg,Home Care,80,55,98,7840,5390,2450,66
2025-02-07,ST02,Howrah,P10,Floor Cleaner 1L,Home Care,95,70,44,4180,3080,1100,66
2025-02-08,ST01,MG Road,P01,Premium Rice 5kg,Packaged Food,50,35,49,2450,1715,735,31
2025-02-08,ST01,MG Road,P02,Refined Oil 1L,Packaged Food,120,90,70,8400,6300,2100,31
2025-02-08,ST01,MG Road,P03,Milk 1L,Dairy,40,28,119,4760,3332,1428,31
2025-02-08,ST01,MG Road,P04,Curd 500g,Dairy,35,24,65,2275,1560,715,31
2025-02-08,ST01,MG Road,P05,Cola 1L,Beverages,30,20,100,3000,2000,1000,31
2025-02-08,ST01,MG Road,P06,Orange Juice 1L,Beverages,60,42,109,6540,4578,1962,31
2025-02-08,ST01,MG Road,P07,Bath Soap,Personal Care,25,15,66,1650,990,660,31
2025-02-08,ST01,MG Road,P08,Shampoo 200ml,Personal Care,140,100,99,13860,9900,3960,31
2025-02-08,ST01,MG Road,P09,Detergent 1kg,Home Care,80,55,66,5280,3630,1650,31
2025-02-08,ST01,MG Road,P10,Floor Cleaner 1L,Home Care,95,70,31,2945,2170,775,31
2025-02-08,ST02,Howrah,P01,Premium Rice 5kg,Packaged Food,50,35,67,3350,2345,1005,74
2025-02-08,ST02,Howrah,P02,Refined Oil 1L,Packaged Food,120,90,111,13320,9990,3330,74
2025-02-08,ST02,Howrah,P03,Milk 1L,Dairy,40,28,41,1640,1148,492,74
2025-02-08,ST02,Howrah,P04,Curd 500g,Dairy,35,24,49,1715,1176,539,74
2025-02-08,ST02,Howrah,P05,Cola 1L,Beverages,30,20,144,4320,2880,1440,74
2025-02-08,ST02,Howrah,P06,Orange Juice 1L,Beverages,60,42,130,7800,5460,2340,74
2025-02-08,ST02,Howrah,P07,Bath Soap,Personal Care,25,15,61,1525,915,610,74
2025-02-08,ST02,Howrah,P08,Shampoo 200ml,Personal Care,140,100,64,8960,6400,2560,74
2025-02-08,ST02,Howrah,P09,Detergent 1kg,Home Care,80,55,48,3840,2640,1200,74
2025-02-08,ST02,Howrah,P10,Floor Cleaner 1L,Home Care,95,70,77,7315,5390,1925,74
2025-02-09,ST01,MG Road,P01,Premium Rice 5kg,Packaged Food,50,35,76,3800,2660,1140,53
2025-02-09,ST01,MG Road,P02,Refined Oil 1L,Packaged Food,120,90,86,10320,7740,2580,53
2025-02-09,ST01,MG Road,P03,Milk 1L,Dairy,40,28,91,3640,2548,1092,53
2025-02-09,ST01,MG Road,P04,Curd 500g,Dairy,35,24,97,3395,2328,1067,53
2025-02-09,ST01,MG Road,P05,Cola 1L,Beverages,30,20,111,3330,2220,1110,53
2025-02-09,ST01,MG Road,P06,Orange Juice 1L,Beverages,60,42,78,4680,3276,1404,53
2025-02-09,ST01,MG Road,P07,Bath Soap,Personal Care,25,15,37,925,555,370,53
2025-02-09,ST01,MG Road,P08,Shampoo 200ml,Personal Care,140,100,37,5180,3700,1480,53
2025-02-09,ST01,MG Road,P09,Detergent 1kg,Home Care,80,55,43,3440,2365,1075,53
2025-02-09,ST01,MG Road,P10,Floor Cleaner 1L,Home Care,95,70,46,4370,3220,1150,53
2025-02-09,ST02,Howrah,P01,Premium Rice 5kg,Packaged Food,50,35,103,5150,3605,1545,43
2025-02-09,ST02,Howrah,P02,Refined Oil 1L,Packaged Food,120,90,46,5520,4140,1380,43
2025-02-09,ST02,Howrah,P03,Milk 1L,Dairy,40,28,112,4480,3136,1344,43
2025-02-09,ST02,Howrah,P04,Curd 500g,Dairy,35,24,43,1505,1032,473,43
2025-02-09,ST02,Howrah,P05,Cola 1L,Beverages,30,20,145,4350,2900,1450,43
2025-02-09,ST02,Howrah,P06,Orange Juice 1L,Beverages,60,42,103,6180,4326,1854,43
2025-02-09,ST02,Howrah,P07,Bath Soap,Personal Care,25,15,78,1950,1170,780,43
2025-02-09,ST02,Howrah,P08,Shampoo 200ml,Personal Care,140,100,56,7840,5600,2240,43
2025-02-09,ST02,Howrah,P09,Detergent 1kg,Home Care,80,55,77,6160,4235,1925,43
2025-02-09,ST02,Howrah,P10,Floor Cleaner 1L,Home Care,95,70,68,6460,4760,1700,43
2025-02-10,ST01,MG Road,P01,Premium Rice 5kg,Packaged Food,50,35,54,2700,1890,810,69
2025-02-10,ST01,MG Road,P02,Refined Oil 1L,Packaged Food,120,90,99,11880,8910,2970,69
2025-02-10,ST01,MG Road,P03,Milk 1L,Dairy,40,28,49,1960,1372,588,69
2025-02-10,ST01,MG Road,P04,Curd 500g,Dairy,35,24,51,1785,1224,561,69
2025-02-10,ST01,MG Road,P05,Cola 1L,Beverages,30,20,122,3660,2440,1220,69
2025-02-10,ST01,MG Road,P06,Orange Juice 1L,Beverages,60,42,143,8580,6006,2574,69
2025-02-10,ST01,MG Road,P07,Bath Soap,Personal Care,25,15,78,1950,1170,780,69
2025-02-10,ST01,MG Road,P08,Shampoo 200ml,Personal Care,140,100,62,8680,6200,2480,69
2025-02-10,ST01,MG Road,P09,Detergent 1kg,Home Care,80,55,32,2560,1760,800,69
2025-02-10,ST01,MG Road,P10,Floor Cleaner 1L,Home Care,95,70,91,8645,6370,2275,69
2025-02-10,ST02,Howrah,P01,Premium Rice 5kg,Packaged Food,50,35,69,3450,2415,1035,45
2025-02-10,ST02,Howrah,P02,Refined Oil 1L,Packaged Food,120,90,62,7440,5580,1860,45
2025-02-10,ST02,Howrah,P03,Milk 1L,Dairy,40,28,65,2600,1820,780,45
2025-02-10,ST02,Howrah,P04,Curd 500g,Dairy,35,24,60,2100,1440,660,45
2025-02-10,ST02,Howrah,P05,Cola 1L,Beverages,30,20,148,4440,2960,1480,45
2025-02-10,ST02,Howrah,P06,Orange Juice 1L,Beverages,60,42,147,8820,6174,2646,45
2025-02-10,ST02,Howrah,P07,Bath Soap,Personal Care,25,15,35,875,525,350,45
2025-02-10,ST02,Howrah,P08,Shampoo 200ml,Personal Care,140,100,83,11620,8300,3320,45
2025-02-10,ST02,Howrah,P09,Detergent 1kg,Home Care,80,55,61,4880,3355,1525,45
2025-02-10,ST02,Howrah,P10,Floor Cleaner 1L,Home Care,95,70,68,6460,4760,1700,45
2025-02-11,ST01,MG Road,P01,Premium Rice 5kg,Packaged Food,50,35,97,4850,3395,1455,44
2025-02-11,ST01,MG Road,P02,Refined Oil 1L,Packaged Food,120,90,115,13800,10350,3450,44
2025-02-11,ST01,MG Road,P03,Milk 1L,Dairy,40,28,40,1600,1120,480,44
2025-02-11,ST01,MG Road,P04,Curd 500g,Dairy,35,24,43,1505,1032,473,44
2025-02-11,ST01,MG Road,P05,Cola 1L,Beverages,30,20,88,2640,1760,880,44
2025-02-11,ST01,MG Road,P06,Orange Juice 1L,Beverages,60,42,149,8940,6258,2682,44
2025-02-11,ST01,MG Road,P07,Bath Soap,Personal Care,25,15,72,1800,1080,720,44
2025-02-11,ST01,MG Road,P08,Shampoo 200ml,Personal Care,140,100,49,6860,4900,1960,44
2025-02-11,ST01,MG Road,P09,Detergent 1kg,Home Care,80,55,98,7840,5390,2450,44
2025-02-11,ST01,MG Road,P10,Floor Cleaner 1L,Home Care,95,70,55,5225,3850,1375,44
2025-02-11,ST02,Howrah,P01,Premium Rice 5kg,Packaged Food,50,35,95,4750,3325,1425,70
2025-02-11,ST02,Howrah,P02,Refined Oil 1L,Packaged Food,120,90,72,8640,6480,2160,70
2025-02-11,ST02,Howrah,P03,Milk 1L,Dairy,40,28,109,4360,3052,1308,70
2025-02-11,ST02,Howrah,P04,Curd 500g,Dairy,35,24,62,2170,1488,682,70
2025-02-11,ST02,Howrah,P05,Cola 1L,Beverages,30,20,102,3060,2040,1020,70
2025-02-11,ST02,Howrah,P06,Orange Juice 1L,Beverages,60,42,99,5940,4158,1782,70
2025-02-11,ST02,Howrah,P07,Bath Soap,Personal Care,25,15,46,1150,690,460,70
2025-02-11,ST02,Howrah,P08,Shampoo 200ml,Personal Care,140,100,77,10780,7700,3080,70
2025-02-11,ST02,Howrah,P09,Detergent 1kg,Home Care,80,55,79,6320,4345,1975,70
2025-02-11,ST02,Howrah,P10,Floor Cleaner 1L,Home Care,95,70,62,5890,4340,1550,70
2025-02-12,ST01,MG Road,P01,Premium Rice 5kg,Packaged Food,50,35,80,4000,2800,1200,51
2025-02-12,ST01,MG Road,P02,Refined Oil 1L,Packaged Food,120,90,85,10200,7650,2550,51
2025-02-12,ST01,MG Road,P03,Milk 1L,Dairy,40,28,54,2160,1512,648,51
2025-02-12,ST01,MG Road,P04,Curd 500g,Dairy,35,24,115,4025,2760,1265,51
2025-02-12,ST01,MG Road,P05,Cola 1L,Beverages,30,20,86,2580,1720,860,51
2025-02-12,ST01,MG Road,P06,Orange Juice 1L,Beverages,60,42,60,3600,2520,1080,51
2025-02-12,ST01,MG Road,P07,Bath Soap,Personal Care,25,15,92,2300,1380,920,51
2025-02-12,ST01,MG Road,P08,Shampoo 200ml,Personal Care,140,100,59,8260,5900,2360,51
2025-02-12,ST01,MG Road,P09,Detergent 1kg,Home Care,80,55,82,6560,4510,2050,51
2025-02-12,ST01,MG Road,P10,Floor Cleaner 1L,Home Care,95,70,66,6270,4620,1650,51
2025-02-12,ST02,Howrah,P01,Premium Rice 5kg,Packaged Food,50,35,89,4450,3115,1335,32
2025-02-12,ST02,Howrah,P02,Refined Oil 1L,Packaged Food,120,90,55,6600,4950,1650,32
2025-02-12,ST02,Howrah,P03,Milk 1L,Dairy,40,28,105,4200,2940,1260,32
2025-02-12,ST02,Howrah,P04,Curd 500g,Dairy,35,24,49,1715,1176,539,32
2025-02-12,ST02,Howrah,P05,Cola 1L,Beverages,30,20,141,4230,2820,1410,32
2025-02-12,ST02,Howrah,P06,Orange Juice 1L,Beverages,60,42,75,4500,3150,1350,32
2025-02-12,ST02,Howrah,P07,Bath Soap,Personal Care,25,15,72,1800,1080,720,32
2025-02-12,ST02,Howrah,P08,Shampoo 200ml,Personal Care,140,100,63,8820,6300,2520,32
2025-02-12,ST02,Howrah,P09,Detergent 1kg,Home Care,80,55,97,7760,5335,2425,32
2025-02-12,ST02,Howrah,P10,Floor Cleaner 1L,Home Care,95,70,89,8455,6230,2225,32
2025-02-13,ST01,MG Road,P01,Premium Rice 5kg,Packaged Food,50,35,84,4200,2940,1260,37
2025-02-13,ST01,MG Road,P02,Refined Oil 1L,Packaged Food,120,90,41,4920,3690,1230,37
2025-02-13,ST01,MG Road,P03,Milk 1L,Dairy,40,28,109,4360,3052,1308,37
2025-02-13,ST01,MG Road,P04,Curd 500g,Dairy,35,24,116,4060,2784,1276,37
2025-02-13,ST01,MG Road,P05,Cola 1L,Beverages,30,20,131,3930,2620,1310,37
2025-02-13,ST01,MG Road,P06,Orange Juice 1L,Beverages,60,42,108,6480,4536,1944,37
2025-02-13,ST01,MG Road,P07,Bath Soap,Personal Care,25,15,91,2275,1365,910,37
2025-02-13,ST01,MG Road,P08,Shampoo 200ml,Personal Care,140,100,38,5320,3800,1520,37
2025-02-13,ST01,MG Road,P09,Detergent 1kg,Home Care,80,55,98,7840,5390,2450,37
2025-02-13,ST01,MG Road,P10,Floor Cleaner 1L,Home Care,95,70,42,3990,2940,1050,37
2025-02-13,ST02,Howrah,P01,Premium Rice 5kg,Packaged Food,50,35,107,5350,3745,1605,64
2025-02-13,ST02,Howrah,P02,Refined Oil 1L,Packaged Food,120,90,56,6720,5040,1680,64
2025-02-13,ST02,Howrah,P03,Milk 1L,Dairy,40,28,81,3240,2268,972,64
2025-02-13,ST02,Howrah,P04,Curd 500g,Dairy,35,24,75,2625,1800,825,64
2025-02-13,ST02,Howrah,P05,Cola 1L,Beverages,30,20,68,2040,1360,680,64
2025-02-13,ST02,Howrah,P06,Orange Juice 1L,Beverages,60,42,86,5160,3612,1548,64
2025-02-13,ST02,Howrah,P07,Bath Soap,Personal Care,25,15,40,1000,600,400,64
2025-02-13,ST02,Howrah,P08,Shampoo 200ml,Personal Care,140,100,97,13580,9700,3880,64
2025-02-13,ST02,Howrah,P09,Detergent 1kg,Home Care,80,55,50,4000,2750,1250,64
2025-02-13,ST02,Howrah,P10,Floor Cleaner 1L,Home Care,95,70,90,8550,6300,2250,64
2025-02-14,ST01,MG Road,P01,Premium Rice 5kg,Packaged Food,50,35,104,5200,3640,1560,49
2025-02-14,ST01,MG Road,P02,Refined Oil 1L,Packaged Food,120,90,46,5520,4140,1380,49
2025-02-14,ST01,MG Road,P03,Milk 1L,Dairy,40,28,118,4720,3304,1416,49
2025-02-14,ST01,MG Road,P04,Curd 500g,Dairy,35,24,91,3185,2184,1001,49
2025-02-14,ST01,MG Road,P05,Cola 1L,Beverages,30,20,122,3660,2440,1220,49
2025-02-14,ST01,MG Road,P06,Orange Juice 1L,Beverages,60,42,115,6900,4830,2070,49
2025-02-14,ST01,MG Road,P07,Bath Soap,Personal Care,25,15,79,1975,1185,790,49
2025-02-14,ST01,MG Road,P08,Shampoo 200ml,Personal Care,140,100,88,12320,8800,3520,49
2025-02-14,ST01,MG Road,P09,Detergent 1kg,Home Care,80,55,95,7600,5225,2375,49
2025-02-14,ST01,MG Road,P10,Floor Cleaner 1L,Home Care,95,70,39,3705,2730,975,49
2025-02-14,ST02,Howrah,P01,Premium Rice 5kg,Packaged Food,50,35,44,2200,1540,660,47
2025-02-14,ST02,Howrah,P02,Refined Oil 1L,Packaged Food,120,90,115,13800,10350,3450,47
2025-02-14,ST02,Howrah,P03,Milk 1L,Dairy,40,28,92,3680,2576,1104,47
2025-02-14,ST02,Howrah,P04,Curd 500g,Dairy,35,24,81,2835,1944,891,47
2025-02-14,ST02,Howrah,P05,Cola 1L,Beverages,30,20,133,3990,2660,1330,47
2025-02-14,ST02,Howrah,P06,Orange Juice 1L,Beverages,60,42,87,5220,3654,1566,47
2025-02-14,ST02,Howrah,P07,Bath Soap,Personal Care,25,15,78,1950,1170,780,47
2025-02-14,ST02,Howrah,P08,Shampoo 200ml,Personal Care,140,100,74,10360,7400,2960,47
2025-02-14,ST02,Howrah,P09,Detergent 1kg,Home Care,80,55,34,2720,1870,850,47
2025-02-14,ST02,Howrah,P10,Floor Cleaner 1L,Home Care,95,70,67,6365,4690,1675,47
2025-02-15,ST01,MG Road,P01,Premium Rice 5kg,Packaged Food,50,35,49,2450,1715,735,47
2025-02-15,ST01,MG Road,P02,Refined Oil 1L,Packaged Food,120,90,117,14040,10530,3510,47
2025-02-15,ST01,MG Road,P03,Milk 1L,Dairy,40,28,108,4320,3024,1296,47
2025-02-15,ST01,MG Road,P04,Curd 500g,Dairy,35,24,67,2345,1608,737,47
2025-02-15,ST01,MG Road,P05,Cola 1L,Beverages,30,20,69,2070,1380,690,47
2025-02-15,ST01,MG Road,P06,Orange Juice 1L,Beverages,60,42,73,4380,3066,1314,47
2025-02-15,ST01,MG Road,P07,Bath Soap,Personal Care,25,15,73,1825,1095,730,47
2025-02-15,ST01,MG Road,P08,Shampoo 200ml,Personal Care,140,100,65,9100,6500,2600,47
2025-02-15,ST01,MG Road,P09,Detergent 1kg,Home Care,80,55,81,6480,4455,2025,47
2025-02-15,ST01,MG Road,P10,Floor Cleaner 1L,Home Care,95,70,44,4180,3080,1100,47
2025-02-15,ST02,Howrah,P01,Premium Rice 5kg,Packaged Food,50,35,52,2600,1820,780,47
2025-02-15,ST02,Howrah,P02,Refined Oil 1L,Packaged Food,120,90,111,13320,9990,3330,47
2025-02-15,ST02,Howrah,P03,Milk 1L,Dairy,40,28,99,3960,2772,1188,47
2025-02-15,ST02,Howrah,P04,Curd 500g,Dairy,35,24,117,4095,2808,1287,47
2025-02-15,ST02,Howrah,P05,Cola 1L,Beverages,30,20,86,2580,1720,860,47
2025-02-15,ST02,Howrah,P06,Orange Juice 1L,Beverages,60,42,54,3240,2268,972,47
2025-02-15,ST02,Howrah,P07,Bath Soap,Personal Care,25,15,67,1675,1005,670,47
2025-02-15,ST02,Howrah,P08,Shampoo 200ml,Personal Care,140,100,51,7140,5100,2040,47
2025-02-15,ST02,Howrah,P09,Detergent 1kg,Home Care,80,55,40,3200,2200,1000,47
2025-02-15,ST02,Howrah,P10,Floor Cleaner 1L,Home Care,95,70,47,4465,3290,1175,47
2025-02-16,ST01,MG Road,P01,Premium Rice 5kg,Packaged Food,50,35,52,2600,1820,780,58
2025-02-16,ST01,MG Road,P02,Refined Oil 1L,Packaged Food,120,90,98,11760,8820,2940,58
2025-02-16,ST01,MG Road,P03,Milk 1L,Dairy,40,28,45,1800,1260,540,58
2025-02-16,ST01,MG Road,P04,Curd 500g,Dairy,35,24,63,2205,1512,693,58
2025-02-16,ST01,MG Road,P05,Cola 1L,Beverages,30,20,148,4440,2960,1480,58
2025-02-16,ST01,MG Road,P06,Orange Juice 1L,Beverages,60,42,121,7260,5082,2178,58
2025-02-16,ST01,MG Road,P07,Bath Soap,Personal Care,25,15,43,1075,645,430,58
2025-02-16,ST01,MG Road,P08,Shampoo 200ml,Personal Care,140,100,76,10640,7600,3040,58
2025-02-16,ST01,MG Road,P09,Detergent 1kg,Home Care,80,55,71,5680,3905,1775,58
2025-02-16,ST01,MG Road,P10,Floor Cleaner 1L,Home Care,95,70,37,3515,2590,925,58
2025-02-16,ST02,Howrah,P01,Premium Rice 5kg,Packaged Food,50,35,119,5950,4165,1785,52
2025-02-16,ST02,Howrah,P02,Refined Oil 1L,Packaged Food,120,90,102,12240,9180,3060,52
2025-02-16,ST02,Howrah,P03,Milk 1L,Dairy,40,28,41,1640,1148,492,52
2025-02-16,ST02,Howrah,P04,Curd 500g,Dairy,35,24,118,4130,2832,1298,52
2025-02-16,ST02,Howrah,P05,Cola 1L,Beverages,30,20,139,4170,2780,1390,52
2025-02-16,ST02,Howrah,P06,Orange Juice 1L,Beverages,60,42,77,4620,3234,1386,52
2025-02-16,ST02,Howrah,P07,Bath Soap,Personal Care,25,15,31,775,465,310,52
2025-02-16,ST02,Howrah,P08,Shampoo 200ml,Personal Care,140,100,60,8400,6000,2400,52
2025-02-16,ST02,Howrah,P09,Detergent 1kg,Home Care,80,55,48,3840,2640,1200,52
2025-02-16,ST02,Howrah,P10,Floor Cleaner 1L,Home Care,95,70,92,8740,6440,2300,52
2025-02-17,ST01,MG Road,P01,Premium Rice 5kg,Packaged Food,50,35,41,2050,1435,615,41
2025-02-17,ST01,MG Road,P02,Refined Oil 1L,Packaged Food,120,90,51,6120,4590,1530,41
2025-02-17,ST01,MG Road,P03,Milk 1L,Dairy,40,28,63,2520,1764,756,41
2025-02-17,ST01,MG Road,P04,Curd 500g,Dairy,35,24,51,1785,1224,561,41
2025-02-17,ST01,MG Road,P05,Cola 1L,Beverages,30,20,91,2730,1820,910,41
2025-02-17,ST01,MG Road,P06,Orange Juice 1L,Beverages,60,42,96,5760,4032,1728,41
2025-02-17,ST01,MG Road,P07,Bath Soap,Personal Care,25,15,67,1675,1005,670,41
2025-02-17,ST01,MG Road,P08,Shampoo 200ml,Personal Care,140,100,91,12740,9100,3640,41
2025-02-17,ST01,MG Road,P09,Detergent 1kg,Home Care,80,55,67,5360,3685,1675,41
2025-02-17,ST01,MG Road,P10,Floor Cleaner 1L,Home Care,95,70,38,3610,2660,950,41
2025-02-17,ST02,Howrah,P01,Premium Rice 5kg,Packaged Food,50,35,77,3850,2695,1155,59
2025-02-17,ST02,Howrah,P02,Refined Oil 1L,Packaged Food,120,90,98,11760,8820,2940,59
2025-02-17,ST02,Howrah,P03,Milk 1L,Dairy,40,28,93,3720,2604,1116,59
2025-02-17,ST02,Howrah,P04,Curd 500g,Dairy,35,24,44,1540,1056,484,59
2025-02-17,ST02,Howrah,P05,Cola 1L,Beverages,30,20,83,2490,1660,830,59
2025-02-17,ST02,Howrah,P06,Orange Juice 1L,Beverages,60,42,50,3000,2100,900,59
2025-02-17,ST02,Howrah,P07,Bath Soap,Personal Care,25,15,47,1175,705,470,59
2025-02-17,ST02,Howrah,P08,Shampoo 200ml,Personal Care,140,100,72,10080,7200,2880,59
2025-02-17,ST02,Howrah,P09,Detergent 1kg,Home Care,80,55,60,4800,3300,1500,59
2025-02-17,ST02,Howrah,P10,Floor Cleaner 1L,Home Care,95,70,76,7220,5320,1900,59
2025-02-18,ST01,MG Road,P01,Premium Rice 5kg,Packaged Food,50,35,69,3450,2415,1035,72
2025-02-18,ST01,MG Road,P02,Refined Oil 1L,Packaged Food,120,90,66,7920,5940,1980,72
2025-02-18,ST01,MG Road,P03,Milk 1L,Dairy,40,28,75,3000,2100,900,72
2025-02-18,ST01,MG Road,P04,Curd 500g,Dairy,35,24,56,1960,1344,616,72
2025-02-18,ST01,MG Road,P05,Cola 1L,Beverages,30,20,51,1530,1020,510,72
2025-02-18,ST01,MG Road,P06,Orange Juice 1L,Beverages,60,42,108,6480,4536,1944,72
2025-02-18,ST01,MG Road,P07,Bath Soap,Personal Care,25,15,86,2150,1290,860,72
2025-02-18,ST01,MG Road,P08,Shampoo 200ml,Personal Care,140,100,46,6440,4600,1840,72
2025-02-18,ST01,MG Road,P09,Detergent 1kg,Home Care,80,55,62,4960,3410,1550,72
2025-02-18,ST01,MG Road,P10,Floor Cleaner 1L,Home Care,95,70,76,7220,5320,1900,72
2025-02-18,ST02,Howrah,P01,Premium Rice 5kg,Packaged Food,50,35,95,4750,3325,1425,41
2025-02-18,ST02,Howrah,P02,Refined Oil 1L,Packaged Food,120,90,105,12600,9450,3150,41
2025-02-18,ST02,Howrah,P03,Milk 1L,Dairy,40,28,84,3360,2352,1008,41
2025-02-18,ST02,Howrah,P04,Curd 500g,Dairy,35,24,85,2975,2040,935,41
2025-02-18,ST02,Howrah,P05,Cola 1L,Beverages,30,20,149,4470,2980,1490,41
2025-02-18,ST02,Howrah,P06,Orange Juice 1L,Beverages,60,42,79,4740,3318,1422,41
2025-02-18,ST02,Howrah,P07,Bath Soap,Personal Care,25,15,53,1325,795,530,41
2025-02-18,ST02,Howrah,P08,Shampoo 200ml,Personal Care,140,100,37,5180,3700,1480,41
2025-02-18,ST02,Howrah,P09,Detergent 1kg,Home Care,80,55,79,6320,4345,1975,41
2025-02-18,ST02,Howrah,P10,Floor Cleaner 1L,Home Care,95,70,55,5225,3850,1375,41
2025-02-19,ST01,MG Road,P01,Premium Rice 5kg,Packaged Food,50,35,44,2200,1540,660,50
2025-02-19,ST01,MG Road,P02,Refined Oil 1L,Packaged Food,120,90,112,13440,10080,3360,50
2025-02-19,ST01,MG Road,P03,Milk 1L,Dairy,40,28,54,2160,1512,648,50
2025-02-19,ST01,MG Road,P04,Curd 500g,Dairy,35,24,81,2835,1944,891,50
2025-02-19,ST01,MG Road,P05,Cola 1L,Beverages,30,20,113,3390,2260,1130,50
2025-02-19,ST01,MG Road,P06,Orange Juice 1L,Beverages,60,42,140,8400,5880,2520,50
2025-02-19,ST01,MG Road,P07,Bath Soap,Personal Care,25,15,58,1450,870,580,50
2025-02-19,ST01,MG Road,P08,Shampoo 200ml,Personal Care,140,100,67,9380,6700,2680,50
2025-02-19,ST01,MG Road,P09,Detergent 1kg,Home Care,80,55,47,3760,2585,1175,50
2025-02-19,ST01,MG Road,P10,Floor Cleaner 1L,Home Care,95,70,54,5130,3780,1350,50
2025-02-19,ST02,Howrah,P01,Premium Rice 5kg,Packaged Food,50,35,91,4550,3185,1365,36
2025-02-19,ST02,Howrah,P02,Refined Oil 1L,Packaged Food,120,90,106,12720,9540,3180,36
2025-02-19,ST02,Howrah,P03,Milk 1L,Dairy,40,28,99,3960,2772,1188,36
2025-02-19,ST02,Howrah,P04,Curd 500g,Dairy,35,24,69,2415,1656,759,36
2025-02-19,ST02,Howrah,P05,Cola 1L,Beverages,30,20,128,3840,2560,1280,36
2025-02-19,ST02,Howrah,P06,Orange Juice 1L,Beverages,60,42,74,4440,3108,1332,36
2025-02-19,ST02,Howrah,P07,Bath Soap,Personal Care,25,15,39,975,585,390,36
2025-02-19,ST02,Howrah,P08,Shampoo 200ml,Personal Care,140,100,94,13160,9400,3760,36
2025-02-19,ST02,Howrah,P09,Detergent 1kg,Home Care,80,55,74,5920,4070,1850,36
2025-02-19,ST02,Howrah,P10,Floor Cleaner 1L,Home Care,95,70,59,5605,4130,1475,36
2025-02-20,ST01,MG Road,P01,Premium Rice 5kg,Packaged Food,50,35,63,3150,2205,945,40
2025-02-20,ST01,MG Road,P02,Refined Oil 1L,Packaged Food,120,90,71,8520,6390,2130,40
2025-02-20,ST01,MG Road,P03,Milk 1L,Dairy,40,28,58,2320,1624,696,40
2025-02-20,ST01,MG Road,P04,Curd 500g,Dairy,35,24,116,4060,2784,1276,40
2025-02-20,ST01,MG Road,P05,Cola 1L,Beverages,30,20,114,3420,2280,1140,40
2025-02-20,ST01,MG Road,P06,Orange Juice 1L,Beverages,60,42,99,5940,4158,1782,40
2025-02-20,ST01,MG Road,P07,Bath Soap,Personal Care,25,15,36,900,540,360,40
2025-02-20,ST01,MG Road,P08,Shampoo 200ml,Personal Care,140,100,82,11480,8200,3280,40
2025-02-20,ST01,MG Road,P09,Detergent 1kg,Home Care,80,55,83,6640,4565,2075,40
2025-02-20,ST01,MG Road,P10,Floor Cleaner 1L,Home Care,95,70,51,4845,3570,1275,40
2025-02-20,ST02,Howrah,P01,Premium Rice 5kg,Packaged Food,50,35,114,5700,3990,1710,70
2025-02-20,ST02,Howrah,P02,Refined Oil 1L,Packaged Food,120,90,77,9240,6930,2310,70
2025-02-20,ST02,Howrah,P03,Milk 1L,Dairy,40,28,88,3520,2464,1056,70
2025-02-20,ST02,Howrah,P04,Curd 500g,Dairy,35,24,75,2625,1800,825,70
2025-02-20,ST02,Howrah,P05,Cola 1L,Beverages,30,20,69,2070,1380,690,70
2025-02-20,ST02,Howrah,P06,Orange Juice 1L,Beverages,60,42,127,7620,5334,2286,70
2025-02-20,ST02,Howrah,P07,Bath Soap,Personal Care,25,15,91,2275,1365,910,70
2025-02-20,ST02,Howrah,P08,Shampoo 200ml,Personal Care,140,100,87,12180,8700,3480,70
2025-02-20,ST02,Howrah,P09,Detergent 1kg,Home Care,80,55,84,6720,4620,2100,70
2025-02-20,ST02,Howrah,P10,Floor Cleaner 1L,Home Care,95,70,93,8835,6510,2325,70
2025-02-21,ST01,MG Road,P01,Premium Rice 5kg,Packaged Food,50,35,71,3550,2485,1065,74
2025-02-21,ST01,MG Road,P02,Refined Oil 1L,Packaged Food,120,90,96,11520,8640,2880,74
2025-02-21,ST01,MG Road,P03,Milk 1L,Dairy,40,28,81,3240,2268,972,74
2025-02-21,ST01,MG Road,P04,Curd 500g,Dairy,35,24,76,2660,1824,836,74
2025-02-21,ST01,MG Road,P05,Cola 1L,Beverages,30,20,139,4170,2780,1390,74
2025-02-21,ST01,MG Road,P06,Orange Juice 1L,Beverages,60,42,128,7680,5376,2304,74
2025-02-21,ST01,MG Road,P07,Bath Soap,Personal Care,25,15,53,1325,795,530,74
2025-02-21,ST01,MG Road,P08,Shampoo 200ml,Personal Care,140,100,84,11760,8400,3360,74
2025-02-21,ST01,MG Road,P09,Detergent 1kg,Home Care,80,55,58,4640,3190,1450,74
2025-02-21,ST01,MG Road,P10,Floor Cleaner 1L,Home Care,95,70,91,8645,6370,2275,74
2025-02-21,ST02,Howrah,P01,Premium Rice 5kg,Packaged Food,50,35,52,2600,1820,780,48
2025-02-21,ST02,Howrah,P02,Refined Oil 1L,Packaged Food,120,90,59,7080,5310,1770,48
2025-02-21,ST02,Howrah,P03,Milk 1L,Dairy,40,28,82,3280,2296,984,48
2025-02-21,ST02,Howrah,P04,Curd 500g,Dairy,35,24,112,3920,2688,1232,48
2025-02-21,ST02,Howrah,P05,Cola 1L,Beverages,30,20,59,1770,1180,590,48
2025-02-21,ST02,Howrah,P06,Orange Juice 1L,Beverages,60,42,136,8160,5712,2448,48
2025-02-21,ST02,Howrah,P07,Bath Soap,Personal Care,25,15,88,2200,1320,880,48
2025-02-21,ST02,Howrah,P08,Shampoo 200ml,Personal Care,140,100,59,8260,5900,2360,48
2025-02-21,ST02,Howrah,P09,Detergent 1kg,Home Care,80,55,55,4400,3025,1375,48
2025-02-21,ST02,Howrah,P10,Floor Cleaner 1L,Home Care,95,70,50,4750,3500,1250,48
2025-02-22,ST01,MG Road,P01,Premium Rice 5kg,Packaged Food,50,35,46,2300,1610,690,39
2025-02-22,ST01,MG Road,P02,Refined Oil 1L,Packaged Food,120,90,95,11400,8550,2850,39
2025-02-22,ST01,MG Road,P03,Milk 1L,Dairy,40,28,83,3320,2324,996,39
2025-02-22,ST01,MG Road,P04,Curd 500g,Dairy,35,24,82,2870,1968,902,39
2025-02-22,ST01,MG Road,P05,Cola 1L,Beverages,30,20,69,2070,1380,690,39
2025-02-22,ST01,MG Road,P06,Orange Juice 1L,Beverages,60,42,145,8700,6090,2610,39
2025-02-22,ST01,MG Road,P07,Bath Soap,Personal Care,25,15,73,1825,1095,730,39
2025-02-22,ST01,MG Road,P08,Shampoo 200ml,Personal Care,140,100,76,10640,7600,3040,39
2025-02-22,ST01,MG Road,P09,Detergent 1kg,Home Care,80,55,97,7760,5335,2425,39
2025-02-22,ST01,MG Road,P10,Floor Cleaner 1L,Home Care,95,70,44,4180,3080,1100,39
2025-02-22,ST02,Howrah,P01,Premium Rice 5kg,Packaged Food,50,35,81,4050,2835,1215,37
2025-02-22,ST02,Howrah,P02,Refined Oil 1L,Packaged Food,120,90,63,7560,5670,1890,37
2025-02-22,ST02,Howrah,P03,Milk 1L,Dairy,40,28,67,2680,1876,804,37
2025-02-22,ST02,Howrah,P04,Curd 500g,Dairy,35,24,116,4060,2784,1276,37
2025-02-22,ST02,Howrah,P05,Cola 1L,Beverages,30,20,57,1710,1140,570,37
2025-02-22,ST02,Howrah,P06,Orange Juice 1L,Beverages,60,42,136,8160,5712,2448,37
2025-02-22,ST02,Howrah,P07,Bath Soap,Personal Care,25,15,87,2175,1305,870,37
2025-02-22,ST02,Howrah,P08,Shampoo 200ml,Personal Care,140,100,67,9380,6700,2680,37
2025-02-22,ST02,Howrah,P09,Detergent 1kg,Home Care,80,55,75,6000,4125,1875,37
2025-02-22,ST02,Howrah,P10,Floor Cleaner 1L,Home Care,95,70,39,3705,2730,975,37
2025-02-23,ST01,MG Road,P01,Premium Rice 5kg,Packaged Food,50,35,52,2600,1820,780,50
2025-02-23,ST01,MG Road,P02,Refined Oil 1L,Packaged Food,120,90,70,8400,6300,2100,50
2025-02-23,ST01,MG Road,P03,Milk 1L,Dairy,40,28,59,2360,1652,708,50
2025-02-23,ST01,MG Road,P04,Curd 500g,Dairy,35,24,110,3850,2640,1210,50
2025-02-23,ST01,MG Road,P05,Cola 1L,Beverages,30,20,129,3870,2580,1290,50
2025-02-23,ST01,MG Road,P06,Orange Juice 1L,Beverages,60,42,149,8940,6258,2682,50
2025-02-23,ST01,MG Road,P07,Bath Soap,Personal Care,25,15,69,1725,1035,690,50
2025-02-23,ST01,MG Road,P08,Shampoo 200ml,Personal Care,140,100,53,7420,5300,2120,50
2025-02-23,ST01,MG Road,P09,Detergent 1kg,Home Care,80,55,44,3520,2420,1100,50
2025-02-23,ST01,MG Road,P10,Floor Cleaner 1L,Home Care,95,70,51,4845,3570,1275,50
2025-02-23,ST02,Howrah,P01,Premium Rice 5kg,Packaged Food,50,35,78,3900,2730,1170,74
2025-02-23,ST02,Howrah,P02,Refined Oil 1L,Packaged Food,120,90,48,5760,4320,1440,74
2025-02-23,ST02,Howrah,P03,Milk 1L,Dairy,40,28,85,3400,2380,1020,74
2025-02-23,ST02,Howrah,P04,Curd 500g,Dairy,35,24,106,3710,2544,1166,74
2025-02-23,ST02,Howrah,P05,Cola 1L,Beverages,30,20,114,3420,2280,1140,74
2025-02-23,ST02,Howrah,P06,Orange Juice 1L,Beverages,60,42,86,5160,3612,1548,74
2025-02-23,ST02,Howrah,P07,Bath Soap,Personal Care,25,15,63,1575,945,630,74
2025-02-23,ST02,Howrah,P08,Shampoo 200ml,Personal Care,140,100,41,5740,4100,1640,74
2025-02-23,ST02,Howrah,P09,Detergent 1kg,Home Care,80,55,73,5840,4015,1825,74
2025-02-23,ST02,Howrah,P10,Floor Cleaner 1L,Home Care,95,70,85,8075,5950,2125,74
2025-02-24,ST01,MG Road,P01,Premium Rice 5kg,Packaged Food,50,35,102,5100,3570,1530,47
2025-02-24,ST01,MG Road,P02,Refined Oil 1L,Packaged Food,120,90,73,8760,6570,2190,47
2025-02-24,ST01,MG Road,P03,Milk 1L,Dairy,40,28,72,2880,2016,864,47
2025-02-24,ST01,MG Road,P04,Curd 500g,Dairy,35,24,68,2380,1632,748,47
2025-02-24,ST01,MG Road,P05,Cola 1L,Beverages,30,20,149,4470,2980,1490,47
2025-02-24,ST01,MG Road,P06,Orange Juice 1L,Beverages,60,42,54,3240,2268,972,47
2025-02-24,ST01,MG Road,P07,Bath Soap,Personal Care,25,15,41,1025,615,410,47
2025-02-24,ST01,MG Road,P08,Shampoo 200ml,Personal Care,140,100,60,8400,6000,2400,47
2025-02-24,ST01,MG Road,P09,Detergent 1kg,Home Care,80,55,93,7440,5115,2325,47
2025-02-24,ST01,MG Road,P10,Floor Cleaner 1L,Home Care,95,70,73,6935,5110,1825,47
2025-02-24,ST02,Howrah,P01,Premium Rice 5kg,Packaged Food,50,35,116,5800,4060,1740,50
2025-02-24,ST02,Howrah,P02,Refined Oil 1L,Packaged Food,120,90,48,5760,4320,1440,50
2025-02-24,ST02,Howrah,P03,Milk 1L,Dairy,40,28,119,4760,3332,1428,50
2025-02-24,ST02,Howrah,P04,Curd 500g,Dairy,35,24,98,3430,2352,1078,50
2025-02-24,ST02,Howrah,P05,Cola 1L,Beverages,30,20,96,2880,1920,960,50
2025-02-24,ST02,Howrah,P06,Orange Juice 1L,Beverages,60,42,91,5460,3822,1638,50
2025-02-24,ST02,Howrah,P07,Bath Soap,Personal Care,25,15,99,2475,1485,990,50
2025-02-24,ST02,Howrah,P08,Shampoo 200ml,Personal Care,140,100,47,6580,4700,1880,50
2025-02-24,ST02,Howrah,P09,Detergent 1kg,Home Care,80,55,52,4160,2860,1300,50
2025-02-24,ST02,Howrah,P10,Floor Cleaner 1L,Home Care,95,70,52,4940,3640,1300,50
2025-02-25,ST01,MG Road,P01,Premium Rice 5kg,Packaged Food,50,35,54,2700,1890,810,37
2025-02-25,ST01,MG Road,P02,Refined Oil 1L,Packaged Food,120,90,99,11880,8910,2970,37
2025-02-25,ST01,MG Road,P03,Milk 1L,Dairy,40,28,46,1840,1288,552,37
2025-02-25,ST01,MG Road,P04,Curd 500g,Dairy,35,24,117,4095,2808,1287,37
2025-02-25,ST01,MG Road,P05,Cola 1L,Beverages,30,20,78,2340,1560,780,37
2025-02-25,ST01,MG Road,P06,Orange Juice 1L,Beverages,60,42,131,7860,5502,2358,37
2025-02-25,ST01,MG Road,P07,Bath Soap,Personal Care,25,15,65,1625,975,650,37
2025-02-25,ST01,MG Road,P08,Shampoo 200ml,Personal Care,140,100,44,6160,4400,1760,37
2025-02-25,ST01,MG Road,P09,Detergent 1kg,Home Care,80,55,51,4080,2805,1275,37
2025-02-25,ST01,MG Road,P10,Floor Cleaner 1L,Home Care,95,70,87,8265,6090,2175,37
2025-02-25,ST02,Howrah,P01,Premium Rice 5kg,Packaged Food,50,35,65,3250,2275,975,49
2025-02-25,ST02,Howrah,P02,Refined Oil 1L,Packaged Food,120,90,52,6240,4680,1560,49
2025-02-25,ST02,Howrah,P03,Milk 1L,Dairy,40,28,41,1640,1148,492,49
2025-02-25,ST02,Howrah,P04,Curd 500g,Dairy,35,24,74,2590,1776,814,49
2025-02-25,ST02,Howrah,P05,Cola 1L,Beverages,30,20,58,1740,1160,580,49
2025-02-25,ST02,Howrah,P06,Orange Juice 1L,Beverages,60,42,102,6120,4284,1836,49
2025-02-25,ST02,Howrah,P07,Bath Soap,Personal Care,25,15,72,1800,1080,720,49
2025-02-25,ST02,Howrah,P08,Shampoo 200ml,Personal Care,140,100,43,6020,4300,1720,49
2025-02-25,ST02,Howrah,P09,Detergent 1kg,Home Care,80,55,72,5760,3960,1800,49
2025-02-25,ST02,Howrah,P10,Floor Cleaner 1L,Home Care,95,70,50,4750,3500,1250,49
2025-02-26,ST01,MG Road,P01,Premium Rice 5kg,Packaged Food,50,35,74,3700,2590,1110,38
2025-02-26,ST01,MG Road,P02,Refined Oil 1L,Packaged Food,120,90,74,8880,6660,2220,38
2025-02-26,ST01,MG Road,P03,Milk 1L,Dairy,40,28,78,3120,2184,936,38
2025-02-26,ST01,MG Road,P04,Curd 500g,Dairy,35,24,51,1785,1224,561,38
2025-02-26,ST01,MG Road,P05,Cola 1L,Beverages,30,20,67,2010,1340,670,38
2025-02-26,ST01,MG Road,P06,Orange Juice 1L,Beverages,60,42,87,5220,3654,1566,38
2025-02-26,ST01,MG Road,P07,Bath Soap,Personal Care,25,15,66,1650,990,660,38
2025-02-26,ST01,MG Road,P08,Shampoo 200ml,Personal Care,140,100,72,10080,7200,2880,38
2025-02-26,ST01,MG Road,P09,Detergent 1kg,Home Care,80,55,92,7360,5060,2300,38
2025-02-26,ST01,MG Road,P10,Floor Cleaner 1L,Home Care,95,70,60,5700,4200,1500,38
2025-02-26,ST02,Howrah,P01,Premium Rice 5kg,Packaged Food,50,35,102,5100,3570,1530,69
2025-02-26,ST02,Howrah,P02,Refined Oil 1L,Packaged Food,120,90,64,7680,5760,1920,69
2025-02-26,ST02,Howrah,P03,Milk 1L,Dairy,40,28,64,2560,1792,768,69
2025-02-26,ST02,Howrah,P04,Curd 500g,Dairy,35,24,76,2660,1824,836,69
2025-02-26,ST02,Howrah,P05,Cola 1L,Beverages,30,20,90,2700,1800,900,69
2025-02-26,ST02,Howrah,P06,Orange Juice 1L,Beverages,60,42,90,5400,3780,1620,69
2025-02-26,ST02,Howrah,P07,Bath Soap,Personal Care,25,15,56,1400,840,560,69
2025-02-26,ST02,Howrah,P08,Shampoo 200ml,Personal Care,140,100,52,7280,5200,2080,69
2025-02-26,ST02,Howrah,P09,Detergent 1kg,Home Care,80,55,50,4000,2750,1250,69
2025-02-26,ST02,Howrah,P10,Floor Cleaner 1L,Home Care,95,70,54,5130,3780,1350,69
2025-02-27,ST01,MG Road,P01,Premium Rice 5kg,Packaged Food,50,35,49,2450,1715,735,50
2025-02-27,ST01,MG Road,P02,Refined Oil 1L,Packaged Food,120,90,85,10200,7650,2550,50
2025-02-27,ST01,MG Road,P03,Milk 1L,Dairy,40,28,100,4000,2800,1200,50
2025-02-27,ST01,MG Road,P04,Curd 500g,Dairy,35,24,109,3815,2616,1199,50
2025-02-27,ST01,MG Road,P05,Cola 1L,Beverages,30,20,91,2730,1820,910,50
2025-02-27,ST01,MG Road,P06,Orange Juice 1L,Beverages,60,42,116,6960,4872,2088,50
2025-02-27,ST01,MG Road,P07,Bath Soap,Personal Care,25,15,71,1775,1065,710,50
2025-02-27,ST01,MG Road,P08,Shampoo 200ml,Personal Care,140,100,91,12740,9100,3640,50
2025-02-27,ST01,MG Road,P09,Detergent 1kg,Home Care,80,55,94,7520,5170,2350,50
2025-02-27,ST01,MG Road,P10,Floor Cleaner 1L,Home Care,95,70,84,7980,5880,2100,50
2025-02-27,ST02,Howrah,P01,Premium Rice 5kg,Packaged Food,50,35,63,3150,2205,945,35
2025-02-27,ST02,Howrah,P02,Refined Oil 1L,Packaged Food,120,90,83,9960,7470,2490,35
2025-02-27,ST02,Howrah,P03,Milk 1L,Dairy,40,28,62,2480,1736,744,35
2025-02-27,ST02,Howrah,P04,Curd 500g,Dairy,35,24,49,1715,1176,539,35
2025-02-27,ST02,Howrah,P05,Cola 1L,Beverages,30,20,57,1710,1140,570,35
2025-02-27,ST02,Howrah,P06,Orange Juice 1L,Beverages,60,42,82,4920,3444,1476,35
2025-02-27,ST02,Howrah,P07,Bath Soap,Personal Care,25,15,92,2300,1380,920,35
2025-02-27,ST02,Howrah,P08,Shampoo 200ml,Personal Care,140,100,39,5460,3900,1560,35
2025-02-27,ST02,Howrah,P09,Detergent 1kg,Home Care,80,55,55,4400,3025,1375,35
2025-02-27,ST02,Howrah,P10,Floor Cleaner 1L,Home Care,95,70,49,4655,3430,1225,35
2025-02-28,ST01,MG Road,P01,Premium Rice 5kg,Packaged Food,50,35,107,5350,3745,1605,61
2025-02-28,ST01,MG Road,P02,Refined Oil 1L,Packaged Food,120,90,43,5160,3870,1290,61
2025-02-28,ST01,MG Road,P03,Milk 1L,Dairy,40,28,54,2160,1512,648,61
2025-02-28,ST01,MG Road,P04,Curd 500g,Dairy,35,24,94,3290,2256,1034,61
2025-02-28,ST01,MG Road,P05,Cola 1L,Beverages,30,20,134,4020,2680,1340,61
2025-02-28,ST01,MG Road,P06,Orange Juice 1L,Beverages,60,42,149,8940,6258,2682,61
2025-02-28,ST01,MG Road,P07,Bath Soap,Personal Care,25,15,60,1500,900,600,61
2025-02-28,ST01,MG Road,P08,Shampoo 200ml,Personal Care,140,100,69,9660,6900,2760,61
2025-02-28,ST01,MG Road,P09,Detergent 1kg,Home Care,80,55,87,6960,4785,2175,61
2025-02-28,ST01,MG Road,P10,Floor Cleaner 1L,Home Care,95,70,59,5605,4130,1475,61
2025-02-28,ST02,Howrah,P01,Premium Rice 5kg,Packaged Food,50,35,57,2850,1995,855,37
2025-02-28,ST02,Howrah,P02,Refined Oil 1L,Packaged Food,120,90,81,9720,7290,2430,37
2025-02-28,ST02,Howrah,P03,Milk 1L,Dairy,40,28,59,2360,1652,708,37
2025-02-28,ST02,Howrah,P04,Curd 500g,Dairy,35,24,45,1575,1080,495,37
2025-02-28,ST02,Howrah,P05,Cola 1L,Beverages,30,20,79,2370,1580,790,37
2025-02-28,ST02,Howrah,P06,Orange Juice 1L,Beverages,60,42,81,4860,3402,1458,37
2025-02-28,ST02,Howrah,P07,Bath Soap,Personal Care,25,15,74,1850,1110,740,37
2025-02-28,ST02,Howrah,P08,Shampoo 200ml,Personal Care,140,100,42,5880,4200,1680,37
2025-02-28,ST02,Howrah,P09,Detergent 1kg,Home Care,80,55,65,5200,3575,1625,37
2025-02-28,ST02,Howrah,P10,Floor Cleaner 1L,Home Care,95,70,30,2850,2100,750,37
2025-03-01,ST01,MG Road,P01,Premium Rice 5kg,Packaged Food,50,35,45,2250,1575,675,47
2025-03-01,ST01,MG Road,P02,Refined Oil 1L,Packaged Food,120,90,107,12840,9630,3210,47
2025-03-01,ST01,MG Road,P03,Milk 1L,Dairy,40,28,52,2080,1456,624,47
2025-03-01,ST01,MG Road,P04,Curd 500g,Dairy,35,24,112,3920,2688,1232,47
2025-03-01,ST01,MG Road,P05,Cola 1L,Beverages,30,20,77,2310,1540,770,47
2025-03-01,ST01,MG Road,P06,Orange Juice 1L,Beverages,60,42,67,4020,2814,1206,47
2025-03-01,ST01,MG Road,P07,Bath Soap,Personal Care,25,15,42,1050,630,420,47
2025-03-01,ST01,MG Road,P08,Shampoo 200ml,Personal Care,140,100,61,8540,6100,2440,47
2025-03-01,ST01,MG Road,P09,Detergent 1kg,Home Care,80,55,70,5600,3850,1750,47
2025-03-01,ST01,MG Road,P10,Floor Cleaner 1L,Home Care,95,70,76,7220,5320,1900,47
2025-03-01,ST02,Howrah,P01,Premium Rice 5kg,Packaged Food,50,35,56,2800,1960,840,48
2025-03-01,ST02,Howrah,P02,Refined Oil 1L,Packaged Food,120,90,107,12840,9630,3210,48
2025-03-01,ST02,Howrah,P03,Milk 1L,Dairy,40,28,56,2240,1568,672,48
2025-03-01,ST02,Howrah,P04,Curd 500g,Dairy,35,24,80,2800,1920,880,48
2025-03-01,ST02,Howrah,P05,Cola 1L,Beverages,30,20,69,2070,1380,690,48
2025-03-01,ST02,Howrah,P06,Orange Juice 1L,Beverages,60,42,101,6060,4242,1818,48
2025-03-01,ST02,Howrah,P07,Bath Soap,Personal Care,25,15,60,1500,900,600,48
2025-03-01,ST02,Howrah,P08,Shampoo 200ml,Personal Care,140,100,40,5600,4000,1600,48
2025-03-01,ST02,Howrah,P09,Detergent 1kg,Home Care,80,55,85,6800,4675,2125,48
2025-03-01,ST02,Howrah,P10,Floor Cleaner 1L,Home Care,95,70,73,6935,5110,1825,48
2025-03-02,ST01,MG Road,P01,Premium Rice 5kg,Packaged Food,50,35,41,2050,1435,615,53
2025-03-02,ST01,MG Road,P02,Refined Oil 1L,Packaged Food,120,90,100,12000,9000,3000,53
2025-03-02,ST01,MG Road,P03,Milk 1L,Dairy,40,28,106,4240,2968,1272,53
2025-03-02,ST01,MG Road,P04,Curd 500g,Dairy,35,24,44,1540,1056,484,53
2025-03-02,ST01,MG Road,P05,Cola 1L,Beverages,30,20,82,2460,1640,820,53
2025-03-02,ST01,MG Road,P06,Orange Juice 1L,Beverages,60,42,146,8760,6132,2628,53
2025-03-02,ST01,MG Road,P07,Bath Soap,Personal Care,25,15,51,1275,765,510,53
2025-03-02,ST01,MG Road,P08,Shampoo 200ml,Personal Care,140,100,97,13580,9700,3880,53
2025-03-02,ST01,MG Road,P09,Detergent 1kg,Home Care,80,55,94,7520,5170,2350,53
2025-03-02,ST01,MG Road,P10,Floor Cleaner 1L,Home Care,95,70,32,3040,2240,800,53
2025-03-02,ST02,Howrah,P01,Premium Rice 5kg,Packaged Food,50,35,104,5200,3640,1560,46
2025-03-02,ST02,Howrah,P02,Refined Oil 1L,Packaged Food,120,90,118,14160,10620,3540,46
2025-03-02,ST02,Howrah,P03,Milk 1L,Dairy,40,28,72,2880,2016,864,46
2025-03-02,ST02,Howrah,P04,Curd 500g,Dairy,35,24,57,1995,1368,627,46
2025-03-02,ST02,Howrah,P05,Cola 1L,Beverages,30,20,110,3300,2200,1100,46
2025-03-02,ST02,Howrah,P06,Orange Juice 1L,Beverages,60,42,134,8040,5628,2412,46
2025-03-02,ST02,Howrah,P07,Bath Soap,Personal Care,25,15,36,900,540,360,46
2025-03-02,ST02,Howrah,P08,Shampoo 200ml,Personal Care,140,100,62,8680,6200,2480,46
2025-03-02,ST02,Howrah,P09,Detergent 1kg,Home Care,80,55,80,6400,4400,2000,46
2025-03-02,ST02,Howrah,P10,Floor Cleaner 1L,Home Care,95,70,85,8075,5950,2125,46
2025-03-03,ST01,MG Road,P01,Premium Rice 5kg,Packaged Food,50,35,102,5100,3570,1530,58
2025-03-03,ST01,MG Road,P02,Refined Oil 1L,Packaged Food,120,90,80,9600,7200,2400,58
2025-03-03,ST01,MG Road,P03,Milk 1L,Dairy,40,28,67,2680,1876,804,58
2025-03-03,ST01,MG Road,P04,Curd 500g,Dairy,35,24,60,2100,1440,660,58
2025-03-03,ST01,MG Road,P05,Cola 1L,Beverages,30,20,91,2730,1820,910,58
2025-03-03,ST01,MG Road,P06,Orange Juice 1L,Beverages,60,42,130,7800,5460,2340,58
2025-03-03,ST01,MG Road,P07,Bath Soap,Personal Care,25,15,55,1375,825,550,58
2025-03-03,ST01,MG Road,P08,Shampoo 200ml,Personal Care,140,100,90,12600,9000,3600,58
2025-03-03,ST01,MG Road,P09,Detergent 1kg,Home Care,80,55,78,6240,4290,1950,58
2025-03-03,ST01,MG Road,P10,Floor Cleaner 1L,Home Care,95,70,60,5700,4200,1500,58
2025-03-03,ST02,Howrah,P01,Premium Rice 5kg,Packaged Food,50,35,76,3800,2660,1140,52
2025-03-03,ST02,Howrah,P02,Refined Oil 1L,Packaged Food,120,90,99,11880,8910,2970,52
2025-03-03,ST02,Howrah,P03,Milk 1L,Dairy,40,28,92,3680,2576,1104,52
2025-03-03,ST02,Howrah,P04,Curd 500g,Dairy,35,24,51,1785,1224,561,52
2025-03-03,ST02,Howrah,P05,Cola 1L,Beverages,30,20,79,2370,1580,790,52
2025-03-03,ST02,Howrah,P06,Orange Juice 1L,Beverages,60,42,54,3240,2268,972,52
2025-03-03,ST02,Howrah,P07,Bath Soap,Personal Care,25,15,51,1275,765,510,52
2025-03-03,ST02,Howrah,P08,Shampoo 200ml,Personal Care,140,100,32,4480,3200,1280,52
2025-03-03,ST02,Howrah,P09,Detergent 1kg,Home Care,80,55,41,3280,2255,1025,52
2025-03-03,ST02,Howrah,P10,Floor Cleaner 1L,Home Care,95,70,68,6460,4760,1700,52
2025-03-04,ST01,MG Road,P01,Premium Rice 5kg,Packaged Food,50,35,79,3950,2765,1185,62
2025-03-04,ST01,MG Road,P02,Refined Oil 1L,Packaged Food,120,90,109,13080,9810,3270,62
2025-03-04,ST01,MG Road,P03,Milk 1L,Dairy,40,28,68,2720,1904,816,62
2025-03-04,ST01,MG Road,P04,Curd 500g,Dairy,35,24,100,3500,2400,1100,62
2025-03-04,ST01,MG Road,P05,Cola 1L,Beverages,30,20,67,2010,1340,670,62
2025-03-04,ST01,MG Road,P06,Orange Juice 1L,Beverages,60,42,127,7620,5334,2286,62
2025-03-04,ST01,MG Road,P07,Bath Soap,Personal Care,25,15,48,1200,720,480,62
2025-03-04,ST01,MG Road,P08,Shampoo 200ml,Personal Care,140,100,64,8960,6400,2560,62
2025-03-04,ST01,MG Road,P09,Detergent 1kg,Home Care,80,55,37,2960,2035,925,62
2025-03-04,ST01,MG Road,P10,Floor Cleaner 1L,Home Care,95,70,52,4940,3640,1300,62
2025-03-04,ST02,Howrah,P01,Premium Rice 5kg,Packaged Food,50,35,41,2050,1435,615,40
2025-03-04,ST02,Howrah,P02,Refined Oil 1L,Packaged Food,120,90,107,12840,9630,3210,40
2025-03-04,ST02,Howrah,P03,Milk 1L,Dairy,40,28,71,2840,1988,852,40
2025-03-04,ST02,Howrah,P04,Curd 500g,Dairy,35,24,117,4095,2808,1287,40
2025-03-04,ST02,Howrah,P05,Cola 1L,Beverages,30,20,139,4170,2780,1390,40
2025-03-04,ST02,Howrah,P06,Orange Juice 1L,Beverages,60,42,94,5640,3948,1692,40
2025-03-04,ST02,Howrah,P07,Bath Soap,Personal Care,25,15,81,2025,1215,810,40
2025-03-04,ST02,Howrah,P08,Shampoo 200ml,Personal Care,140,100,45,6300,4500,1800,40
2025-03-04,ST02,Howrah,P09,Detergent 1kg,Home Care,80,55,87,6960,4785,2175,40
2025-03-04,ST02,Howrah,P10,Floor Cleaner 1L,Home Care,95,70,94,8930,6580,2350,40
2025-03-05,ST01,MG Road,P01,Premium Rice 5kg,Packaged Food,50,35,41,2050,1435,615,36
2025-03-05,ST01,MG Road,P02,Refined Oil 1L,Packaged Food,120,90,89,10680,8010,2670,36
2025-03-05,ST01,MG Road,P03,Milk 1L,Dairy,40,28,82,3280,2296,984,36
2025-03-05,ST01,MG Road,P04,Curd 500g,Dairy,35,24,104,3640,2496,1144,36
2025-03-05,ST01,MG Road,P05,Cola 1L,Beverages,30,20,131,3930,2620,1310,36
2025-03-05,ST01,MG Road,P06,Orange Juice 1L,Beverages,60,42,60,3600,2520,1080,36
2025-03-05,ST01,MG Road,P07,Bath Soap,Personal Care,25,15,44,1100,660,440,36
2025-03-05,ST01,MG Road,P08,Shampoo 200ml,Personal Care,140,100,33,4620,3300,1320,36
2025-03-05,ST01,MG Road,P09,Detergent 1kg,Home Care,80,55,82,6560,4510,2050,36
2025-03-05,ST01,MG Road,P10,Floor Cleaner 1L,Home Care,95,70,61,5795,4270,1525,36
2025-03-05,ST02,Howrah,P01,Premium Rice 5kg,Packaged Food,50,35,71,3550,2485,1065,68
2025-03-05,ST02,Howrah,P02,Refined Oil 1L,Packaged Food,120,90,111,13320,9990,3330,68
2025-03-05,ST02,Howrah,P03,Milk 1L,Dairy,40,28,116,4640,3248,1392,68
2025-03-05,ST02,Howrah,P04,Curd 500g,Dairy,35,24,103,3605,2472,1133,68
2025-03-05,ST02,Howrah,P05,Cola 1L,Beverages,30,20,67,2010,1340,670,68
2025-03-05,ST02,Howrah,P06,Orange Juice 1L,Beverages,60,42,106,6360,4452,1908,68
2025-03-05,ST02,Howrah,P07,Bath Soap,Personal Care,25,15,80,2000,1200,800,68
2025-03-05,ST02,Howrah,P08,Shampoo 200ml,Personal Care,140,100,86,12040,8600,3440,68
2025-03-05,ST02,Howrah,P09,Detergent 1kg,Home Care,80,55,78,6240,4290,1950,68
2025-03-05,ST02,Howrah,P10,Floor Cleaner 1L,Home Care,95,70,90,8550,6300,2250,68
2025-03-06,ST01,MG Road,P01,Premium Rice 5kg,Packaged Food,50,35,56,2800,1960,840,73
2025-03-06,ST01,MG Road,P02,Refined Oil 1L,Packaged Food,120,90,100,12000,9000,3000,73
2025-03-06,ST01,MG Road,P03,Milk 1L,Dairy,40,28,66,2640,1848,792,73
2025-03-06,ST01,MG Road,P04,Curd 500g,Dairy,35,24,99,3465,2376,1089,73
2025-03-06,ST01,MG Road,P05,Cola 1L,Beverages,30,20,82,2460,1640,820,73
2025-03-06,ST01,MG Road,P06,Orange Juice 1L,Beverages,60,42,54,3240,2268,972,73
2025-03-06,ST01,MG Road,P07,Bath Soap,Personal Care,25,15,83,2075,1245,830,73
2025-03-06,ST01,MG Road,P08,Shampoo 200ml,Personal Care,140,100,68,9520,6800,2720,73
2025-03-06,ST01,MG Road,P09,Detergent 1kg,Home Care,80,55,48,3840,2640,1200,73
2025-03-06,ST01,MG Road,P10,Floor Cleaner 1L,Home Care,95,70,36,3420,2520,900,73
2025-03-06,ST02,Howrah,P01,Premium Rice 5kg,Packaged Food,50,35,47,2350,1645,705,63
2025-03-06,ST02,Howrah,P02,Refined Oil 1L,Packaged Food,120,90,76,9120,6840,2280,63
2025-03-06,ST02,Howrah,P03,Milk 1L,Dairy,40,28,57,2280,1596,684,63
2025-03-06,ST02,Howrah,P04,Curd 500g,Dairy,35,24,97,3395,2328,1067,63
2025-03-06,ST02,Howrah,P05,Cola 1L,Beverages,30,20,128,3840,2560,1280,63
2025-03-06,ST02,Howrah,P06,Orange Juice 1L,Beverages,60,42,51,3060,2142,918,63
2025-03-06,ST02,Howrah,P07,Bath Soap,Personal Care,25,15,69,1725,1035,690,63
2025-03-06,ST02,Howrah,P08,Shampoo 200ml,Personal Care,140,100,31,4340,3100,1240,63
2025-03-06,ST02,Howrah,P09,Detergent 1kg,Home Care,80,55,56,4480,3080,1400,63
2025-03-06,ST02,Howrah,P10,Floor Cleaner 1L,Home Care,95,70,42,3990,2940,1050,63
2025-03-07,ST01,MG Road,P01,Premium Rice 5kg,Packaged Food,50,35,110,5500,3850,1650,46
2025-03-07,ST01,MG Road,P02,Refined Oil 1L,Packaged Food,120,90,90,10800,8100,2700,46
2025-03-07,ST01,MG Road,P03,Milk 1L,Dairy,40,28,60,2400,1680,720,46
2025-03-07,ST01,MG Road,P04,Curd 500g,Dairy,35,24,114,3990,2736,1254,46
2025-03-07,ST01,MG Road,P05,Cola 1L,Beverages,30,20,66,1980,1320,660,46
2025-03-07,ST01,MG Road,P06,Orange Juice 1L,Beverages,60,42,138,8280,5796,2484,46
2025-03-07,ST01,MG Road,P07,Bath Soap,Personal Care,25,15,58,1450,870,580,46
2025-03-07,ST01,MG Road,P08,Shampoo 200ml,Personal Care,140,100,92,12880,9200,3680,46
2025-03-07,ST01,MG Road,P09,Detergent 1kg,Home Care,80,55,85,6800,4675,2125,46
2025-03-07,ST01,MG Road,P10,Floor Cleaner 1L,Home Care,95,70,92,8740,6440,2300,46
2025-03-07,ST02,Howrah,P01,Premium Rice 5kg,Packaged Food,50,35,108,5400,3780,1620,57
2025-03-07,ST02,Howrah,P02,Refined Oil 1L,Packaged Food,120,90,41,4920,3690,1230,57
2025-03-07,ST02,Howrah,P03,Milk 1L,Dairy,40,28,86,3440,2408,1032,57
2025-03-07,ST02,Howrah,P04,Curd 500g,Dairy,35,24,45,1575,1080,495,57
2025-03-07,ST02,Howrah,P05,Cola 1L,Beverages,30,20,121,3630,2420,1210,57
2025-03-07,ST02,Howrah,P06,Orange Juice 1L,Beverages,60,42,128,7680,5376,2304,57
2025-03-07,ST02,Howrah,P07,Bath Soap,Personal Care,25,15,60,1500,900,600,57
2025-03-07,ST02,Howrah,P08,Shampoo 200ml,Personal Care,140,100,87,12180,8700,3480,57
2025-03-07,ST02,Howrah,P09,Detergent 1kg,Home Care,80,55,34,2720,1870,850,57
2025-03-07,ST02,Howrah,P10,Floor Cleaner 1L,Home Care,95,70,54,5130,3780,1350,57
2025-03-08,ST01,MG Road,P01,Premium Rice 5kg,Packaged Food,50,35,78,3900,2730,1170,51
2025-03-08,ST01,MG Road,P02,Refined Oil 1L,Packaged Food,120,90,81,9720,7290,2430,51
2025-03-08,ST01,MG Road,P03,Milk 1L,Dairy,40,28,88,3520,2464,1056,51
2025-03-08,ST01,MG Road,P04,Curd 500g,Dairy,35,24,115,4025,2760,1265,51
2025-03-08,ST01,MG Road,P05,Cola 1L,Beverages,30,20,70,2100,1400,700,51
2025-03-08,ST01,MG Road,P06,Orange Juice 1L,Beverages,60,42,111,6660,4662,1998,51
2025-03-08,ST01,MG Road,P07,Bath Soap,Personal Care,25,15,44,1100,660,440,51
2025-03-08,ST01,MG Road,P08,Shampoo 200ml,Personal Care,140,100,50,7000,5000,2000,51
2025-03-08,ST01,MG Road,P09,Detergent 1kg,Home Care,80,55,88,7040,4840,2200,51
2025-03-08,ST01,MG Road,P10,Floor Cleaner 1L,Home Care,95,70,83,7885,5810,2075,51
2025-03-08,ST02,Howrah,P01,Premium Rice 5kg,Packaged Food,50,35,76,3800,2660,1140,33
2025-03-08,ST02,Howrah,P02,Refined Oil 1L,Packaged Food,120,90,55,6600,4950,1650,33
2025-03-08,ST02,Howrah,P03,Milk 1L,Dairy,40,28,80,3200,2240,960,33
2025-03-08,ST02,Howrah,P04,Curd 500g,Dairy,35,24,53,1855,1272,583,33
2025-03-08,ST02,Howrah,P05,Cola 1L,Beverages,30,20,65,1950,1300,650,33
2025-03-08,ST02,Howrah,P06,Orange Juice 1L,Beverages,60,42,52,3120,2184,936,33
2025-03-08,ST02,Howrah,P07,Bath Soap,Personal Care,25,15,58,1450,870,580,33
2025-03-08,ST02,Howrah,P08,Shampoo 200ml,Personal Care,140,100,74,10360,7400,2960,33
2025-03-08,ST02,Howrah,P09,Detergent 1kg,Home Care,80,55,49,3920,2695,1225,33
2025-03-08,ST02,Howrah,P10,Floor Cleaner 1L,Home Care,95,70,32,3040,2240,800,33
2025-03-09,ST01,MG Road,P01,Premium Rice 5kg,Packaged Food,50,35,64,3200,2240,960,53
2025-03-09,ST01,MG Road,P02,Refined Oil 1L,Packaged Food,120,90,62,7440,5580,1860,53
2025-03-09,ST01,MG Road,P03,Milk 1L,Dairy,40,28,60,2400,1680,720,53
2025-03-09,ST01,MG Road,P04,Curd 500g,Dairy,35,24,45,1575,1080,495,53
2025-03-09,ST01,MG Road,P05,Cola 1L,Beverages,30,20,96,2880,1920,960,53
2025-03-09,ST01,MG Road,P06,Orange Juice 1L,Beverages,60,42,57,3420,2394,1026,53
2025-03-09,ST01,MG Road,P07,Bath Soap,Personal Care,25,15,42,1050,630,420,53
2025-03-09,ST01,MG Road,P08,Shampoo 200ml,Personal Care,140,100,61,8540,6100,2440,53
2025-03-09,ST01,MG Road,P09,Detergent 1kg,Home Care,80,55,71,5680,3905,1775,53
2025-03-09,ST01,MG Road,P10,Floor Cleaner 1L,Home Care,95,70,34,3230,2380,850,53
2025-03-09,ST02,Howrah,P01,Premium Rice 5kg,Packaged Food,50,35,48,2400,1680,720,57
2025-03-09,ST02,Howrah,P02,Refined Oil 1L,Packaged Food,120,90,52,6240,4680,1560,57
2025-03-09,ST02,Howrah,P03,Milk 1L,Dairy,40,28,49,1960,1372,588,57
2025-03-09,ST02,Howrah,P04,Curd 500g,Dairy,35,24,58,2030,1392,638,57
2025-03-09,ST02,Howrah,P05,Cola 1L,Beverages,30,20,92,2760,1840,920,57
2025-03-09,ST02,Howrah,P06,Orange Juice 1L,Beverages,60,42,52,3120,2184,936,57
2025-03-09,ST02,Howrah,P07,Bath Soap,Personal Care,25,15,89,2225,1335,890,57
2025-03-09,ST02,Howrah,P08,Shampoo 200ml,Personal Care,140,100,78,10920,7800,3120,57
2025-03-09,ST02,Howrah,P09,Detergent 1kg,Home Care,80,55,38,3040,2090,950,57
2025-03-09,ST02,Howrah,P10,Floor Cleaner 1L,Home Care,95,70,78,7410,5460,1950,57
2025-03-10,ST01,MG Road,P01,Premium Rice 5kg,Packaged Food,50,35,86,4300,3010,1290,66
2025-03-10,ST01,MG Road,P02,Refined Oil 1L,Packaged Food,120,90,89,10680,8010,2670,66
2025-03-10,ST01,MG Road,P03,Milk 1L,Dairy,40,28,73,2920,2044,876,66
2025-03-10,ST01,MG Road,P04,Curd 500g,Dairy,35,24,72,2520,1728,792,66
2025-03-10,ST01,MG Road,P05,Cola 1L,Beverages,30,20,96,2880,1920,960,66
2025-03-10,ST01,MG Road,P06,Orange Juice 1L,Beverages,60,42,121,7260,5082,2178,66
2025-03-10,ST01,MG Road,P07,Bath Soap,Personal Care,25,15,67,1675,1005,670,66
2025-03-10,ST01,MG Road,P08,Shampoo 200ml,Personal Care,140,100,51,7140,5100,2040,66
2025-03-10,ST01,MG Road,P09,Detergent 1kg,Home Care,80,55,43,3440,2365,1075,66
2025-03-10,ST01,MG Road,P10,Floor Cleaner 1L,Home Care,95,70,34,3230,2380,850,66
2025-03-10,ST02,Howrah,P01,Premium Rice 5kg,Packaged Food,50,35,42,2100,1470,630,67
2025-03-10,ST02,Howrah,P02,Refined Oil 1L,Packaged Food,120,90,40,4800,3600,1200,67
2025-03-10,ST02,Howrah,P03,Milk 1L,Dairy,40,28,50,2000,1400,600,67
2025-03-10,ST02,Howrah,P04,Curd 500g,Dairy,35,24,42,1470,1008,462,67
2025-03-10,ST02,Howrah,P05,Cola 1L,Beverages,30,20,119,3570,2380,1190,67
2025-03-10,ST02,Howrah,P06,Orange Juice 1L,Beverages,60,42,146,8760,6132,2628,67
2025-03-10,ST02,Howrah,P07,Bath Soap,Personal Care,25,15,50,1250,750,500,67
2025-03-10,ST02,Howrah,P08,Shampoo 200ml,Personal Care,140,100,30,4200,3000,1200,67
2025-03-10,ST02,Howrah,P09,Detergent 1kg,Home Care,80,55,98,7840,5390,2450,67
2025-03-10,ST02,Howrah,P10,Floor Cleaner 1L,Home Care,95,70,34,3230,2380,850,67
2025-03-11,ST01,MG Road,P01,Premium Rice 5kg,Packaged Food,50,35,76,3800,2660,1140,54
2025-03-11,ST01,MG Road,P02,Refined Oil 1L,Packaged Food,120,90,101,12120,9090,3030,54
2025-03-11,ST01,MG Road,P03,Milk 1L,Dairy,40,28,68,2720,1904,816,54
2025-03-11,ST01,MG Road,P04,Curd 500g,Dairy,35,24,89,3115,2136,979,54
2025-03-11,ST01,MG Road,P05,Cola 1L,Beverages,30,20,104,3120,2080,1040,54
2025-03-11,ST01,MG Road,P06,Orange Juice 1L,Beverages,60,42,115,6900,4830,2070,54
2025-03-11,ST01,MG Road,P07,Bath Soap,Personal Care,25,15,61,1525,915,610,54
2025-03-11,ST01,MG Road,P08,Shampoo 200ml,Personal Care,140,100,66,9240,6600,2640,54
2025-03-11,ST01,MG Road,P09,Detergent 1kg,Home Care,80,55,64,5120,3520,1600,54
2025-03-11,ST01,MG Road,P10,Floor Cleaner 1L,Home Care,95,70,71,6745,4970,1775,54
2025-03-11,ST02,Howrah,P01,Premium Rice 5kg,Packaged Food,50,35,57,2850,1995,855,55
2025-03-11,ST02,Howrah,P02,Refined Oil 1L,Packaged Food,120,90,106,12720,9540,3180,55
2025-03-11,ST02,Howrah,P03,Milk 1L,Dairy,40,28,77,3080,2156,924,55
2025-03-11,ST02,Howrah,P04,Curd 500g,Dairy,35,24,51,1785,1224,561,55
2025-03-11,ST02,Howrah,P05,Cola 1L,Beverages,30,20,75,2250,1500,750,55
2025-03-11,ST02,Howrah,P06,Orange Juice 1L,Beverages,60,42,76,4560,3192,1368,55
2025-03-11,ST02,Howrah,P07,Bath Soap,Personal Care,25,15,30,750,450,300,55
2025-03-11,ST02,Howrah,P08,Shampoo 200ml,Personal Care,140,100,47,6580,4700,1880,55
2025-03-11,ST02,Howrah,P09,Detergent 1kg,Home Care,80,55,47,3760,2585,1175,55
2025-03-11,ST02,Howrah,P10,Floor Cleaner 1L,Home Care,95,70,76,7220,5320,1900,55
2025-03-12,ST01,MG Road,P01,Premium Rice 5kg,Packaged Food,50,35,111,5550,3885,1665,59
2025-03-12,ST01,MG Road,P02,Refined Oil 1L,Packaged Food,120,90,102,12240,9180,3060,59
2025-03-12,ST01,MG Road,P03,Milk 1L,Dairy,40,28,75,3000,2100,900,59
2025-03-12,ST01,MG Road,P04,Curd 500g,Dairy,35,24,102,3570,2448,1122,59
2025-03-12,ST01,MG Road,P05,Cola 1L,Beverages,30,20,126,3780,2520,1260,59
2025-03-12,ST01,MG Road,P06,Orange Juice 1L,Beverages,60,42,117,7020,4914,2106,59
2025-03-12,ST01,MG Road,P07,Bath Soap,Personal Care,25,15,62,1550,930,620,59
2025-03-12,ST01,MG Road,P08,Shampoo 200ml,Personal Care,140,100,81,11340,8100,3240,59
2025-03-12,ST01,MG Road,P09,Detergent 1kg,Home Care,80,55,84,6720,4620,2100,59
2025-03-12,ST01,MG Road,P10,Floor Cleaner 1L,Home Care,95,70,63,5985,4410,1575,59
2025-03-12,ST02,Howrah,P01,Premium Rice 5kg,Packaged Food,50,35,98,4900,3430,1470,54
2025-03-12,ST02,Howrah,P02,Refined Oil 1L,Packaged Food,120,90,79,9480,7110,2370,54
2025-03-12,ST02,Howrah,P03,Milk 1L,Dairy,40,28,72,2880,2016,864,54
2025-03-12,ST02,Howrah,P04,Curd 500g,Dairy,35,24,89,3115,2136,979,54
2025-03-12,ST02,Howrah,P05,Cola 1L,Beverages,30,20,67,2010,1340,670,54
2025-03-12,ST02,Howrah,P06,Orange Juice 1L,Beverages,60,42,105,6300,4410,1890,54
2025-03-12,ST02,Howrah,P07,Bath Soap,Personal Care,25,15,30,750,450,300,54
2025-03-12,ST02,Howrah,P08,Shampoo 200ml,Personal Care,140,100,72,10080,7200,2880,54
2025-03-12,ST02,Howrah,P09,Detergent 1kg,Home Care,80,55,83,6640,4565,2075,54
2025-03-12,ST02,Howrah,P10,Floor Cleaner 1L,Home Care,95,70,43,4085,3010,1075,54
2025-03-13,ST01,MG Road,P01,Premium Rice 5kg,Packaged Food,50,35,54,2700,1890,810,40
2025-03-13,ST01,MG Road,P02,Refined Oil 1L,Packaged Food,120,90,119,14280,10710,3570,40
2025-03-13,ST01,MG Road,P03,Milk 1L,Dairy,40,28,88,3520,2464,1056,40
2025-03-13,ST01,MG Road,P04,Curd 500g,Dairy,35,24,40,1400,960,440,40
2025-03-13,ST01,MG Road,P05,Cola 1L,Beverages,30,20,120,3600,2400,1200,40
2025-03-13,ST01,MG Road,P06,Orange Juice 1L,Beverages,60,42,136,8160,5712,2448,40
2025-03-13,ST01,MG Road,P07,Bath Soap,Personal Care,25,15,94,2350,1410,940,40
2025-03-13,ST01,MG Road,P08,Shampoo 200ml,Personal Care,140,100,78,10920,7800,3120,40
2025-03-13,ST01,MG Road,P09,Detergent 1kg,Home Care,80,55,68,5440,3740,1700,40
2025-03-13,ST01,MG Road,P10,Floor Cleaner 1L,Home Care,95,70,38,3610,2660,950,40
2025-03-13,ST02,Howrah,P01,Premium Rice 5kg,Packaged Food,50,35,41,2050,1435,615,49
2025-03-13,ST02,Howrah,P02,Refined Oil 1L,Packaged Food,120,90,101,12120,9090,3030,49
2025-03-13,ST02,Howrah,P03,Milk 1L,Dairy,40,28,119,4760,3332,1428,49
2025-03-13,ST02,Howrah,P04,Curd 500g,Dairy,35,24,112,3920,2688,1232,49
2025-03-13,ST02,Howrah,P05,Cola 1L,Beverages,30,20,114,3420,2280,1140,49
2025-03-13,ST02,Howrah,P06,Orange Juice 1L,Beverages,60,42,122,7320,5124,2196,49
2025-03-13,ST02,Howrah,P07,Bath Soap,Personal Care,25,15,42,1050,630,420,49
2025-03-13,ST02,Howrah,P08,Shampoo 200ml,Personal Care,140,100,80,11200,8000,3200,49
2025-03-13,ST02,Howrah,P09,Detergent 1kg,Home Care,80,55,62,4960,3410,1550,49
2025-03-13,ST02,Howrah,P10,Floor Cleaner 1L,Home Care,95,70,93,8835,6510,2325,49
2025-03-14,ST01,MG Road,P01,Premium Rice 5kg,Packaged Food,50,35,41,2050,1435,615,42
2025-03-14,ST01,MG Road,P02,Refined Oil 1L,Packaged Food,120,90,59,7080,5310,1770,42
2025-03-14,ST01,MG Road,P03,Milk 1L,Dairy,40,28,43,1720,1204,516,42
2025-03-14,ST01,MG Road,P04,Curd 500g,Dairy,35,24,115,4025,2760,1265,42
2025-03-14,ST01,MG Road,P05,Cola 1L,Beverages,30,20,72,2160,1440,720,42
2025-03-14,ST01,MG Road,P06,Orange Juice 1L,Beverages,60,42,148,8880,6216,2664,42
2025-03-14,ST01,MG Road,P07,Bath Soap,Personal Care,25,15,99,2475,1485,990,42
2025-03-14,ST01,MG Road,P08,Shampoo 200ml,Personal Care,140,100,32,4480,3200,1280,42
2025-03-14,ST01,MG Road,P09,Detergent 1kg,Home Care,80,55,63,5040,3465,1575,42
2025-03-14,ST01,MG Road,P10,Floor Cleaner 1L,Home Care,95,70,99,9405,6930,2475,42
2025-03-14,ST02,Howrah,P01,Premium Rice 5kg,Packaged Food,50,35,100,5000,3500,1500,52
2025-03-14,ST02,Howrah,P02,Refined Oil 1L,Packaged Food,120,90,75,9000,6750,2250,52
2025-03-14,ST02,Howrah,P03,Milk 1L,Dairy,40,28,74,2960,2072,888,52
2025-03-14,ST02,Howrah,P04,Curd 500g,Dairy,35,24,43,1505,1032,473,52
2025-03-14,ST02,Howrah,P05,Cola 1L,Beverages,30,20,99,2970,1980,990,52
2025-03-14,ST02,Howrah,P06,Orange Juice 1L,Beverages,60,42,100,6000,4200,1800,52
2025-03-14,ST02,Howrah,P07,Bath Soap,Personal Care,25,15,63,1575,945,630,52
2025-03-14,ST02,Howrah,P08,Shampoo 200ml,Personal Care,140,100,65,9100,6500,2600,52
2025-03-14,ST02,Howrah,P09,Detergent 1kg,Home Care,80,55,87,6960,4785,2175,52
2025-03-14,ST02,Howrah,P10,Floor Cleaner 1L,Home Care,95,70,46,4370,3220,1150,52
2025-03-15,ST01,MG Road,P01,Premium Rice 5kg,Packaged Food,50,35,110,5500,3850,1650,35
2025-03-15,ST01,MG Road,P02,Refined Oil 1L,Packaged Food,120,90,42,5040,3780,1260,35
2025-03-15,ST01,MG Road,P03,Milk 1L,Dairy,40,28,67,2680,1876,804,35
2025-03-15,ST01,MG Road,P04,Curd 500g,Dairy,35,24,69,2415,1656,759,35
2025-03-15,ST01,MG Road,P05,Cola 1L,Beverages,30,20,149,4470,2980,1490,35
2025-03-15,ST01,MG Road,P06,Orange Juice 1L,Beverages,60,42,90,5400,3780,1620,35
2025-03-15,ST01,MG Road,P07,Bath Soap,Personal Care,25,15,58,1450,870,580,35
2025-03-15,ST01,MG Road,P08,Shampoo 200ml,Personal Care,140,100,44,6160,4400,1760,35
2025-03-15,ST01,MG Road,P09,Detergent 1kg,Home Care,80,55,73,5840,4015,1825,35
2025-03-15,ST01,MG Road,P10,Floor Cleaner 1L,Home Care,95,70,94,8930,6580,2350,35
2025-03-15,ST02,Howrah,P01,Premium Rice 5kg,Packaged Food,50,35,74,3700,2590,1110,66
2025-03-15,ST02,Howrah,P02,Refined Oil 1L,Packaged Food,120,90,113,13560,10170,3390,66
2025-03-15,ST02,Howrah,P03,Milk 1L,Dairy,40,28,66,2640,1848,792,66
2025-03-15,ST02,Howrah,P04,Curd 500g,Dairy,35,24,46,1610,1104,506,66
2025-03-15,ST02,Howrah,P05,Cola 1L,Beverages,30,20,83,2490,1660,830,66
2025-03-15,ST02,Howrah,P06,Orange Juice 1L,Beverages,60,42,118,7080,4956,2124,66
2025-03-15,ST02,Howrah,P07,Bath Soap,Personal Care,25,15,35,875,525,350,66
2025-03-15,ST02,Howrah,P08,Shampoo 200ml,Personal Care,140,100,38,5320,3800,1520,66
2025-03-15,ST02,Howrah,P09,Detergent 1kg,Home Care,80,55,36,2880,1980,900,66
2025-03-15,ST02,Howrah,P10,Floor Cleaner 1L,Home Care,95,70,82,7790,5740,2050,66
2025-03-16,ST01,MG Road,P01,Premium Rice 5kg,Packaged Food,50,35,64,3200,2240,960,55
2025-03-16,ST01,MG Road,P02,Refined Oil 1L,Packaged Food,120,90,71,8520,6390,2130,55
2025-03-16,ST01,MG Road,P03,Milk 1L,Dairy,40,28,95,3800,2660,1140,55
2025-03-16,ST01,MG Road,P04,Curd 500g,Dairy,35,24,100,3500,2400,1100,55
2025-03-16,ST01,MG Road,P05,Cola 1L,Beverages,30,20,59,1770,1180,590,55
2025-03-16,ST01,MG Road,P06,Orange Juice 1L,Beverages,60,42,72,4320,3024,1296,55
2025-03-16,ST01,MG Road,P07,Bath Soap,Personal Care,25,15,34,850,510,340,55
2025-03-16,ST01,MG Road,P08,Shampoo 200ml,Personal Care,140,100,54,7560,5400,2160,55
2025-03-16,ST01,MG Road,P09,Detergent 1kg,Home Care,80,55,35,2800,1925,875,55
2025-03-16,ST01,MG Road,P10,Floor Cleaner 1L,Home Care,95,70,89,8455,6230,2225,55
2025-03-16,ST02,Howrah,P01,Premium Rice 5kg,Packaged Food,50,35,45,2250,1575,675,41
2025-03-16,ST02,Howrah,P02,Refined Oil 1L,Packaged Food,120,90,56,6720,5040,1680,41
2025-03-16,ST02,Howrah,P03,Milk 1L,Dairy,40,28,53,2120,1484,636,41
2025-03-16,ST02,Howrah,P04,Curd 500g,Dairy,35,24,71,2485,1704,781,41
2025-03-16,ST02,Howrah,P05,Cola 1L,Beverages,30,20,127,3810,2540,1270,41
2025-03-16,ST02,Howrah,P06,Orange Juice 1L,Beverages,60,42,65,3900,2730,1170,41
2025-03-16,ST02,Howrah,P07,Bath Soap,Personal Care,25,15,36,900,540,360,41
2025-03-16,ST02,Howrah,P08,Shampoo 200ml,Personal Care,140,100,43,6020,4300,1720,41
2025-03-16,ST02,Howrah,P09,Detergent 1kg,Home Care,80,55,70,5600,3850,1750,41
2025-03-16,ST02,Howrah,P10,Floor Cleaner 1L,Home Care,95,70,54,5130,3780,1350,41
2025-03-17,ST01,MG Road,P01,Premium Rice 5kg,Packaged Food,50,35,99,4950,3465,1485,60
2025-03-17,ST01,MG Road,P02,Refined Oil 1L,Packaged Food,120,90,109,13080,9810,3270,60
2025-03-17,ST01,MG Road,P03,Milk 1L,Dairy,40,28,112,4480,3136,1344,60
2025-03-17,ST01,MG Road,P04,Curd 500g,Dairy,35,24,113,3955,2712,1243,60
2025-03-17,ST01,MG Road,P05,Cola 1L,Beverages,30,20,147,4410,2940,1470,60
2025-03-17,ST01,MG Road,P06,Orange Juice 1L,Beverages,60,42,72,4320,3024,1296,60
2025-03-17,ST01,MG Road,P07,Bath Soap,Personal Care,25,15,87,2175,1305,870,60
2025-03-17,ST01,MG Road,P08,Shampoo 200ml,Personal Care,140,100,63,8820,6300,2520,60
2025-03-17,ST01,MG Road,P09,Detergent 1kg,Home Care,80,55,66,5280,3630,1650,60
2025-03-17,ST01,MG Road,P10,Floor Cleaner 1L,Home Care,95,70,52,4940,3640,1300,60
2025-03-17,ST02,Howrah,P01,Premium Rice 5kg,Packaged Food,50,35,73,3650,2555,1095,41
2025-03-17,ST02,Howrah,P02,Refined Oil 1L,Packaged Food,120,90,84,10080,7560,2520,41
2025-03-17,ST02,Howrah,P03,Milk 1L,Dairy,40,28,88,3520,2464,1056,41
2025-03-17,ST02,Howrah,P04,Curd 500g,Dairy,35,24,99,3465,2376,1089,41
2025-03-17,ST02,Howrah,P05,Cola 1L,Beverages,30,20,86,2580,1720,860,41
2025-03-17,ST02,Howrah,P06,Orange Juice 1L,Beverages,60,42,60,3600,2520,1080,41
2025-03-17,ST02,Howrah,P07,Bath Soap,Personal Care,25,15,37,925,555,370,41
2025-03-17,ST02,Howrah,P08,Shampoo 200ml,Personal Care,140,100,85,11900,8500,3400,41
2025-03-17,ST02,Howrah,P09,Detergent 1kg,Home Care,80,55,87,6960,4785,2175,41
2025-03-17,ST02,Howrah,P10,Floor Cleaner 1L,Home Care,95,70,79,7505,5530,1975,41
2025-03-18,ST01,MG Road,P01,Premium Rice 5kg,Packaged Food,50,35,104,5200,3640,1560,61
2025-03-18,ST01,MG Road,P02,Refined Oil 1L,Packaged Food,120,90,59,7080,5310,1770,61
2025-03-18,ST01,MG Road,P03,Milk 1L,Dairy,40,28,81,3240,2268,972,61
2025-03-18,ST01,MG Road,P04,Curd 500g,Dairy,35,24,88,3080,2112,968,61
2025-03-18,ST01,MG Road,P05,Cola 1L,Beverages,30,20,114,3420,2280,1140,61
2025-03-18,ST01,MG Road,P06,Orange Juice 1L,Beverages,60,42,97,5820,4074,1746,61
2025-03-18,ST01,MG Road,P07,Bath Soap,Personal Care,25,15,88,2200,1320,880,61
2025-03-18,ST01,MG Road,P08,Shampoo 200ml,Personal Care,140,100,38,5320,3800,1520,61
2025-03-18,ST01,MG Road,P09,Detergent 1kg,Home Care,80,55,48,3840,2640,1200,61
2025-03-18,ST01,MG Road,P10,Floor Cleaner 1L,Home Care,95,70,31,2945,2170,775,61
2025-03-18,ST02,Howrah,P01,Premium Rice 5kg,Packaged Food,50,35,43,2150,1505,645,72
2025-03-18,ST02,Howrah,P02,Refined Oil 1L,Packaged Food,120,90,116,13920,10440,3480,72
2025-03-18,ST02,Howrah,P03,Milk 1L,Dairy,40,28,73,2920,2044,876,72
2025-03-18,ST02,Howrah,P04,Curd 500g,Dairy,35,24,58,2030,1392,638,72
2025-03-18,ST02,Howrah,P05,Cola 1L,Beverages,30,20,134,4020,2680,1340,72
2025-03-18,ST02,Howrah,P06,Orange Juice 1L,Beverages,60,42,126,7560,5292,2268,72
2025-03-18,ST02,Howrah,P07,Bath Soap,Personal Care,25,15,61,1525,915,610,72
2025-03-18,ST02,Howrah,P08,Shampoo 200ml,Personal Care,140,100,70,9800,7000,2800,72
2025-03-18,ST02,Howrah,P09,Detergent 1kg,Home Care,80,55,37,2960,2035,925,72
2025-03-18,ST02,Howrah,P10,Floor Cleaner 1L,Home Care,95,70,47,4465,3290,1175,72
2025-03-19,ST01,MG Road,P01,Premium Rice 5kg,Packaged Food,50,35,83,4150,2905,1245,61
2025-03-19,ST01,MG Road,P02,Refined Oil 1L,Packaged Food,120,90,59,7080,5310,1770,61
2025-03-19,ST01,MG Road,P03,Milk 1L,Dairy,40,28,65,2600,1820,780,61
2025-03-19,ST01,MG Road,P04,Curd 500g,Dairy,35,24,75,2625,1800,825,61
2025-03-19,ST01,MG Road,P05,Cola 1L,Beverages,30,20,79,2370,1580,790,61
2025-03-19,ST01,MG Road,P06,Orange Juice 1L,Beverages,60,42,68,4080,2856,1224,61
2025-03-19,ST01,MG Road,P07,Bath Soap,Personal Care,25,15,92,2300,1380,920,61
2025-03-19,ST01,MG Road,P08,Shampoo 200ml,Personal Care,140,100,92,12880,9200,3680,61
2025-03-19,ST01,MG Road,P09,Detergent 1kg,Home Care,80,55,64,5120,3520,1600,61
2025-03-19,ST01,MG Road,P10,Floor Cleaner 1L,Home Care,95,70,30,2850,2100,750,61
2025-03-19,ST02,Howrah,P01,Premium Rice 5kg,Packaged Food,50,35,95,4750,3325,1425,70
2025-03-19,ST02,Howrah,P02,Refined Oil 1L,Packaged Food,120,90,74,8880,6660,2220,70
2025-03-19,ST02,Howrah,P03,Milk 1L,Dairy,40,28,41,1640,1148,492,70
2025-03-19,ST02,Howrah,P04,Curd 500g,Dairy,35,24,92,3220,2208,1012,70
2025-03-19,ST02,Howrah,P05,Cola 1L,Beverages,30,20,113,3390,2260,1130,70
2025-03-19,ST02,Howrah,P06,Orange Juice 1L,Beverages,60,42,56,3360,2352,1008,70
2025-03-19,ST02,Howrah,P07,Bath Soap,Personal Care,25,15,54,1350,810,540,70
2025-03-19,ST02,Howrah,P08,Shampoo 200ml,Personal Care,140,100,95,13300,9500,3800,70
2025-03-19,ST02,Howrah,P09,Detergent 1kg,Home Care,80,55,79,6320,4345,1975,70
2025-03-19,ST02,Howrah,P10,Floor Cleaner 1L,Home Care,95,70,82,7790,5740,2050,70
2025-03-20,ST01,MG Road,P01,Premium Rice 5kg,Packaged Food,50,35,74,3700,2590,1110,30
2025-03-20,ST01,MG Road,P02,Refined Oil 1L,Packaged Food,120,90,84,10080,7560,2520,30
2025-03-20,ST01,MG Road,P03,Milk 1L,Dairy,40,28,100,4000,2800,1200,30
2025-03-20,ST01,MG Road,P04,Curd 500g,Dairy,35,24,86,3010,2064,946,30
2025-03-20,ST01,MG Road,P05,Cola 1L,Beverages,30,20,131,3930,2620,1310,30
2025-03-20,ST01,MG Road,P06,Orange Juice 1L,Beverages,60,42,142,8520,5964,2556,30
2025-03-20,ST01,MG Road,P07,Bath Soap,Personal Care,25,15,53,1325,795,530,30
2025-03-20,ST01,MG Road,P08,Shampoo 200ml,Personal Care,140,100,85,11900,8500,3400,30
2025-03-20,ST01,MG Road,P09,Detergent 1kg,Home Care,80,55,67,5360,3685,1675,30
2025-03-20,ST01,MG Road,P10,Floor Cleaner 1L,Home Care,95,70,89,8455,6230,2225,30
2025-03-20,ST02,Howrah,P01,Premium Rice 5kg,Packaged Food,50,35,106,5300,3710,1590,69
2025-03-20,ST02,Howrah,P02,Refined Oil 1L,Packaged Food,120,90,54,6480,4860,1620,69
2025-03-20,ST02,Howrah,P03,Milk 1L,Dairy,40,28,107,4280,2996,1284,69
2025-03-20,ST02,Howrah,P04,Curd 500g,Dairy,35,24,102,3570,2448,1122,69
2025-03-20,ST02,Howrah,P05,Cola 1L,Beverages,30,20,113,3390,2260,1130,69
2025-03-20,ST02,Howrah,P06,Orange Juice 1L,Beverages,60,42,89,5340,3738,1602,69
2025-03-20,ST02,Howrah,P07,Bath Soap,Personal Care,25,15,71,1775,1065,710,69
2025-03-20,ST02,Howrah,P08,Shampoo 200ml,Personal Care,140,100,54,7560,5400,2160,69
2025-03-20,ST02,Howrah,P09,Detergent 1kg,Home Care,80,55,70,5600,3850,1750,69
2025-03-20,ST02,Howrah,P10,Floor Cleaner 1L,Home Care,95,70,39,3705,2730,975,69
2025-03-21,ST01,MG Road,P01,Premium Rice 5kg,Packaged Food,50,35,54,2700,1890,810,58
2025-03-21,ST01,MG Road,P02,Refined Oil 1L,Packaged Food,120,90,84,10080,7560,2520,58
2025-03-21,ST01,MG Road,P03,Milk 1L,Dairy,40,28,66,2640,1848,792,58
2025-03-21,ST01,MG Road,P04,Curd 500g,Dairy,35,24,63,2205,1512,693,58
2025-03-21,ST01,MG Road,P05,Cola 1L,Beverages,30,20,142,4260,2840,1420,58
2025-03-21,ST01,MG Road,P06,Orange Juice 1L,Beverages,60,42,77,4620,3234,1386,58
2025-03-21,ST01,MG Road,P07,Bath Soap,Personal Care,25,15,72,1800,1080,720,58
2025-03-21,ST01,MG Road,P08,Shampoo 200ml,Personal Care,140,100,87,12180,8700,3480,58
2025-03-21,ST01,MG Road,P09,Detergent 1kg,Home Care,80,55,62,4960,3410,1550,58
2025-03-21,ST01,MG Road,P10,Floor Cleaner 1L,Home Care,95,70,57,5415,3990,1425,58
2025-03-21,ST02,Howrah,P01,Premium Rice 5kg,Packaged Food,50,35,95,4750,3325,1425,51
2025-03-21,ST02,Howrah,P02,Refined Oil 1L,Packaged Food,120,90,106,12720,9540,3180,51
2025-03-21,ST02,Howrah,P03,Milk 1L,Dairy,40,28,115,4600,3220,1380,51
2025-03-21,ST02,Howrah,P04,Curd 500g,Dairy,35,24,88,3080,2112,968,51
2025-03-21,ST02,Howrah,P05,Cola 1L,Beverages,30,20,58,1740,1160,580,51
2025-03-21,ST02,Howrah,P06,Orange Juice 1L,Beverages,60,42,138,8280,5796,2484,51
2025-03-21,ST02,Howrah,P07,Bath Soap,Personal Care,25,15,42,1050,630,420,51
2025-03-21,ST02,Howrah,P08,Shampoo 200ml,Personal Care,140,100,48,6720,4800,1920,51
2025-03-21,ST02,Howrah,P09,Detergent 1kg,Home Care,80,55,76,6080,4180,1900,51
2025-03-21,ST02,Howrah,P10,Floor Cleaner 1L,Home Care,95,70,32,3040,2240,800,51
2025-03-22,ST01,MG Road,P01,Premium Rice 5kg,Packaged Food,50,35,66,3300,2310,990,41
2025-03-22,ST01,MG Road,P02,Refined Oil 1L,Packaged Food,120,90,96,11520,8640,2880,41
2025-03-22,ST01,MG Road,P03,Milk 1L,Dairy,40,28,89,3560,2492,1068,41
2025-03-22,ST01,MG Road,P04,Curd 500g,Dairy,35,24,56,1960,1344,616,41
2025-03-22,ST01,MG Road,P05,Cola 1L,Beverages,30,20,71,2130,1420,710,41
2025-03-22,ST01,MG Road,P06,Orange Juice 1L,Beverages,60,42,101,6060,4242,1818,41
2025-03-22,ST01,MG Road,P07,Bath Soap,Personal Care,25,15,51,1275,765,510,41
2025-03-22,ST01,MG Road,P08,Shampoo 200ml,Personal Care,140,100,75,10500,7500,3000,41
2025-03-22,ST01,MG Road,P09,Detergent 1kg,Home Care,80,55,45,3600,2475,1125,41
2025-03-22,ST01,MG Road,P10,Floor Cleaner 1L,Home Care,95,70,72,6840,5040,1800,41
2025-03-22,ST02,Howrah,P01,Premium Rice 5kg,Packaged Food,50,35,75,3750,2625,1125,65
2025-03-22,ST02,Howrah,P02,Refined Oil 1L,Packaged Food,120,90,88,10560,7920,2640,65
2025-03-22,ST02,Howrah,P03,Milk 1L,Dairy,40,28,73,2920,2044,876,65
2025-03-22,ST02,Howrah,P04,Curd 500g,Dairy,35,24,43,1505,1032,473,65
2025-03-22,ST02,Howrah,P05,Cola 1L,Beverages,30,20,66,1980,1320,660,65
2025-03-22,ST02,Howrah,P06,Orange Juice 1L,Beverages,60,42,125,7500,5250,2250,65
2025-03-22,ST02,Howrah,P07,Bath Soap,Personal Care,25,15,46,1150,690,460,65
2025-03-22,ST02,Howrah,P08,Shampoo 200ml,Personal Care,140,100,50,7000,5000,2000,65
2025-03-22,ST02,Howrah,P09,Detergent 1kg,Home Care,80,55,85,6800,4675,2125,65
2025-03-22,ST02,Howrah,P10,Floor Cleaner 1L,Home Care,95,70,68,6460,4760,1700,65
2025-03-23,ST01,MG Road,P01,Premium Rice 5kg,Packaged Food,50,35,86,4300,3010,1290,47
2025-03-23,ST01,MG Road,P02,Refined Oil 1L,Packaged Food,120,90,40,4800,3600,1200,47
2025-03-23,ST01,MG Road,P03,Milk 1L,Dairy,40,28,45,1800,1260,540,47
2025-03-23,ST01,MG Road,P04,Curd 500g,Dairy,35,24,78,2730,1872,858,47
2025-03-23,ST01,MG Road,P05,Cola 1L,Beverages,30,20,139,4170,2780,1390,47
2025-03-23,ST01,MG Road,P06,Orange Juice 1L,Beverages,60,42,60,3600,2520,1080,47
2025-03-23,ST01,MG Road,P07,Bath Soap,Personal Care,25,15,30,750,450,300,47
2025-03-23,ST01,MG Road,P08,Shampoo 200ml,Personal Care,140,100,78,10920,7800,3120,47
2025-03-23,ST01,MG Road,P09,Detergent 1kg,Home Care,80,55,42,3360,2310,1050,47
2025-03-23,ST01,MG Road,P10,Floor Cleaner 1L,Home Care,95,70,57,5415,3990,1425,47
2025-03-23,ST02,Howrah,P01,Premium Rice 5kg,Packaged Food,50,35,94,4700,3290,1410,56
2025-03-23,ST02,Howrah,P02,Refined Oil 1L,Packaged Food,120,90,109,13080,9810,3270,56
2025-03-23,ST02,Howrah,P03,Milk 1L,Dairy,40,28,41,1640,1148,492,56
2025-03-23,ST02,Howrah,P04,Curd 500g,Dairy,35,24,78,2730,1872,858,56
2025-03-23,ST02,Howrah,P05,Cola 1L,Beverages,30,20,64,1920,1280,640,56
2025-03-23,ST02,Howrah,P06,Orange Juice 1L,Beverages,60,42,95,5700,3990,1710,56
2025-03-23,ST02,Howrah,P07,Bath Soap,Personal Care,25,15,54,1350,810,540,56
2025-03-23,ST02,Howrah,P08,Shampoo 200ml,Personal Care,140,100,99,13860,9900,3960,56
2025-03-23,ST02,Howrah,P09,Detergent 1kg,Home Care,80,55,59,4720,3245,1475,56
2025-03-23,ST02,Howrah,P10,Floor Cleaner 1L,Home Care,95,70,55,5225,3850,1375,56
2025-03-24,ST01,MG Road,P01,Premium Rice 5kg,Packaged Food,50,35,93,4650,3255,1395,68
2025-03-24,ST01,MG Road,P02,Refined Oil 1L,Packaged Food,120,90,46,5520,4140,1380,68
2025-03-24,ST01,MG Road,P03,Milk 1L,Dairy,40,28,88,3520,2464,1056,68
2025-03-24,ST01,MG Road,P04,Curd 500g,Dairy,35,24,55,1925,1320,605,68
2025-03-24,ST01,MG Road,P05,Cola 1L,Beverages,30,20,104,3120,2080,1040,68
2025-03-24,ST01,MG Road,P06,Orange Juice 1L,Beverages,60,42,73,4380,3066,1314,68
2025-03-24,ST01,MG Road,P07,Bath Soap,Personal Care,25,15,50,1250,750,500,68
2025-03-24,ST01,MG Road,P08,Shampoo 200ml,Personal Care,140,100,68,9520,6800,2720,68
2025-03-24,ST01,MG Road,P09,Detergent 1kg,Home Care,80,55,79,6320,4345,1975,68
2025-03-24,ST01,MG Road,P10,Floor Cleaner 1L,Home Care,95,70,63,5985,4410,1575,68
2025-03-24,ST02,Howrah,P01,Premium Rice 5kg,Packaged Food,50,35,78,3900,2730,1170,64
2025-03-24,ST02,Howrah,P02,Refined Oil 1L,Packaged Food,120,90,84,10080,7560,2520,64
2025-03-24,ST02,Howrah,P03,Milk 1L,Dairy,40,28,81,3240,2268,972,64
2025-03-24,ST02,Howrah,P04,Curd 500g,Dairy,35,24,111,3885,2664,1221,64
2025-03-24,ST02,Howrah,P05,Cola 1L,Beverages,30,20,76,2280,1520,760,64
2025-03-24,ST02,Howrah,P06,Orange Juice 1L,Beverages,60,42,143,8580,6006,2574,64
2025-03-24,ST02,Howrah,P07,Bath Soap,Personal Care,25,15,65,1625,975,650,64
2025-03-24,ST02,Howrah,P08,Shampoo 200ml,Personal Care,140,100,99,13860,9900,3960,64
2025-03-24,ST02,Howrah,P09,Detergent 1kg,Home Care,80,55,83,6640,4565,2075,64
2025-03-24,ST02,Howrah,P10,Floor Cleaner 1L,Home Care,95,70,31,2945,2170,775,64
2025-03-25,ST01,MG Road,P01,Premium Rice 5kg,Packaged Food,50,35,93,4650,3255,1395,58
2025-03-25,ST01,MG Road,P02,Refined Oil 1L,Packaged Food,120,90,75,9000,6750,2250,58
2025-03-25,ST01,MG Road,P03,Milk 1L,Dairy,40,28,50,2000,1400,600,58
2025-03-25,ST01,MG Road,P04,Curd 500g,Dairy,35,24,88,3080,2112,968,58
2025-03-25,ST01,MG Road,P05,Cola 1L,Beverages,30,20,108,3240,2160,1080,58
2025-03-25,ST01,MG Road,P06,Orange Juice 1L,Beverages,60,42,123,7380,5166,2214,58
2025-03-25,ST01,MG Road,P07,Bath Soap,Personal Care,25,15,60,1500,900,600,58
2025-03-25,ST01,MG Road,P08,Shampoo 200ml,Personal Care,140,100,84,11760,8400,3360,58
2025-03-25,ST01,MG Road,P09,Detergent 1kg,Home Care,80,55,58,4640,3190,1450,58
2025-03-25,ST01,MG Road,P10,Floor Cleaner 1L,Home Care,95,70,48,4560,3360,1200,58
2025-03-25,ST02,Howrah,P01,Premium Rice 5kg,Packaged Food,50,35,72,3600,2520,1080,48
2025-03-25,ST02,Howrah,P02,Refined Oil 1L,Packaged Food,120,90,46,5520,4140,1380,48
2025-03-25,ST02,Howrah,P03,Milk 1L,Dairy,40,28,81,3240,2268,972,48
2025-03-25,ST02,Howrah,P04,Curd 500g,Dairy,35,24,91,3185,2184,1001,48
2025-03-25,ST02,Howrah,P05,Cola 1L,Beverages,30,20,53,1590,1060,530,48
2025-03-25,ST02,Howrah,P06,Orange Juice 1L,Beverages,60,42,119,7140,4998,2142,48
2025-03-25,ST02,Howrah,P07,Bath Soap,Personal Care,25,15,97,2425,1455,970,48
2025-03-25,ST02,Howrah,P08,Shampoo 200ml,Personal Care,140,100,39,5460,3900,1560,48
2025-03-25,ST02,Howrah,P09,Detergent 1kg,Home Care,80,55,38,3040,2090,950,48
2025-03-25,ST02,Howrah,P10,Floor Cleaner 1L,Home Care,95,70,71,6745,4970,1775,48
2025-03-26,ST01,MG Road,P01,Premium Rice 5kg,Packaged Food,50,35,80,4000,2800,1200,58
2025-03-26,ST01,MG Road,P02,Refined Oil 1L,Packaged Food,120,90,81,9720,7290,2430,58
2025-03-26,ST01,MG Road,P03,Milk 1L,Dairy,40,28,87,3480,2436,1044,58
2025-03-26,ST01,MG Road,P04,Curd 500g,Dairy,35,24,108,3780,2592,1188,58
2025-03-26,ST01,MG Road,P05,Cola 1L,Beverages,30,20,59,1770,1180,590,58
2025-03-26,ST01,MG Road,P06,Orange Juice 1L,Beverages,60,42,64,3840,2688,1152,58
2025-03-26,ST01,MG Road,P07,Bath Soap,Personal Care,25,15,74,1850,1110,740,58
2025-03-26,ST01,MG Road,P08,Shampoo 200ml,Personal Care,140,100,87,12180,8700,3480,58
2025-03-26,ST01,MG Road,P09,Detergent 1kg,Home Care,80,55,66,5280,3630,1650,58
2025-03-26,ST01,MG Road,P10,Floor Cleaner 1L,Home Care,95,70,37,3515,2590,925,58
2025-03-26,ST02,Howrah,P01,Premium Rice 5kg,Packaged Food,50,35,73,3650,2555,1095,57
2025-03-26,ST02,Howrah,P02,Refined Oil 1L,Packaged Food,120,90,60,7200,5400,1800,57
2025-03-26,ST02,Howrah,P03,Milk 1L,Dairy,40,28,57,2280,1596,684,57
2025-03-26,ST02,Howrah,P04,Curd 500g,Dairy,35,24,73,2555,1752,803,57
2025-03-26,ST02,Howrah,P05,Cola 1L,Beverages,30,20,136,4080,2720,1360,57
2025-03-26,ST02,Howrah,P06,Orange Juice 1L,Beverages,60,42,98,5880,4116,1764,57
2025-03-26,ST02,Howrah,P07,Bath Soap,Personal Care,25,15,95,2375,1425,950,57
2025-03-26,ST02,Howrah,P08,Shampoo 200ml,Personal Care,140,100,54,7560,5400,2160,57
2025-03-26,ST02,Howrah,P09,Detergent 1kg,Home Care,80,55,61,4880,3355,1525,57
2025-03-26,ST02,Howrah,P10,Floor Cleaner 1L,Home Care,95,70,41,3895,2870,1025,57
2025-03-27,ST01,MG Road,P01,Premium Rice 5kg,Packaged Food,50,35,106,5300,3710,1590,39
2025-03-27,ST01,MG Road,P02,Refined Oil 1L,Packaged Food,120,90,48,5760,4320,1440,39
2025-03-27,ST01,MG Road,P03,Milk 1L,Dairy,40,28,99,3960,2772,1188,39
2025-03-27,ST01,MG Road,P04,Curd 500g,Dairy,35,24,112,3920,2688,1232,39
2025-03-27,ST01,MG Road,P05,Cola 1L,Beverages,30,20,105,3150,2100,1050,39
2025-03-27,ST01,MG Road,P06,Orange Juice 1L,Beverages,60,42,144,8640,6048,2592,39
2025-03-27,ST01,MG Road,P07,Bath Soap,Personal Care,25,15,49,1225,735,490,39
2025-03-27,ST01,MG Road,P08,Shampoo 200ml,Personal Care,140,100,31,4340,3100,1240,39
2025-03-27,ST01,MG Road,P09,Detergent 1kg,Home Care,80,55,87,6960,4785,2175,39
2025-03-27,ST01,MG Road,P10,Floor Cleaner 1L,Home Care,95,70,36,3420,2520,900,39
2025-03-27,ST02,Howrah,P01,Premium Rice 5kg,Packaged Food,50,35,42,2100,1470,630,49
2025-03-27,ST02,Howrah,P02,Refined Oil 1L,Packaged Food,120,90,51,6120,4590,1530,49
2025-03-27,ST02,Howrah,P03,Milk 1L,Dairy,40,28,43,1720,1204,516,49
2025-03-27,ST02,Howrah,P04,Curd 500g,Dairy,35,24,41,1435,984,451,49
2025-03-27,ST02,Howrah,P05,Cola 1L,Beverages,30,20,63,1890,1260,630,49
2025-03-27,ST02,Howrah,P06,Orange Juice 1L,Beverages,60,42,57,3420,2394,1026,49
2025-03-27,ST02,Howrah,P07,Bath Soap,Personal Care,25,15,58,1450,870,580,49
2025-03-27,ST02,Howrah,P08,Shampoo 200ml,Personal Care,140,100,35,4900,3500,1400,49
2025-03-27,ST02,Howrah,P09,Detergent 1kg,Home Care,80,55,41,3280,2255,1025,49
2025-03-27,ST02,Howrah,P10,Floor Cleaner 1L,Home Care,95,70,42,3990,2940,1050,49
2025-03-28,ST01,MG Road,P01,Premium Rice 5kg,Packaged Food,50,35,68,3400,2380,1020,58
2025-03-28,ST01,MG Road,P02,Refined Oil 1L,Packaged Food,120,90,58,6960,5220,1740,58
2025-03-28,ST01,MG Road,P03,Milk 1L,Dairy,40,28,115,4600,3220,1380,58
2025-03-28,ST01,MG Road,P04,Curd 500g,Dairy,35,24,41,1435,984,451,58
2025-03-28,ST01,MG Road,P05,Cola 1L,Beverages,30,20,82,2460,1640,820,58
2025-03-28,ST01,MG Road,P06,Orange Juice 1L,Beverages,60,42,53,3180,2226,954,58
2025-03-28,ST01,MG Road,P07,Bath Soap,Personal Care,25,15,55,1375,825,550,58
2025-03-28,ST01,MG Road,P08,Shampoo 200ml,Personal Care,140,100,75,10500,7500,3000,58
2025-03-28,ST01,MG Road,P09,Detergent 1kg,Home Care,80,55,86,6880,4730,2150,58
2025-03-28,ST01,MG Road,P10,Floor Cleaner 1L,Home Care,95,70,85,8075,5950,2125,58
2025-03-28,ST02,Howrah,P01,Premium Rice 5kg,Packaged Food,50,35,72,3600,2520,1080,71
2025-03-28,ST02,Howrah,P02,Refined Oil 1L,Packaged Food,120,90,118,14160,10620,3540,71
2025-03-28,ST02,Howrah,P03,Milk 1L,Dairy,40,28,98,3920,2744,1176,71
2025-03-28,ST02,Howrah,P04,Curd 500g,Dairy,35,24,62,2170,1488,682,71
2025-03-28,ST02,Howrah,P05,Cola 1L,Beverages,30,20,138,4140,2760,1380,71
2025-03-28,ST02,Howrah,P06,Orange Juice 1L,Beverages,60,42,129,7740,5418,2322,71
2025-03-28,ST02,Howrah,P07,Bath Soap,Personal Care,25,15,94,2350,1410,940,71
2025-03-28,ST02,Howrah,P08,Shampoo 200ml,Personal Care,140,100,77,10780,7700,3080,71
2025-03-28,ST02,Howrah,P09,Detergent 1kg,Home Care,80,55,38,3040,2090,950,71
2025-03-28,ST02,Howrah,P10,Floor Cleaner 1L,Home Care,95,70,63,5985,4410,1575,71
2025-03-29,ST01,MG Road,P01,Premium Rice 5kg,Packaged Food,50,35,67,3350,2345,1005,54
2025-03-29,ST01,MG Road,P02,Refined Oil 1L,Packaged Food,120,90,108,12960,9720,3240,54
2025-03-29,ST01,MG Road,P03,Milk 1L,Dairy,40,28,77,3080,2156,924,54
2025-03-29,ST01,MG Road,P04,Curd 500g,Dairy,35,24,86,3010,2064,946,54
2025-03-29,ST01,MG Road,P05,Cola 1L,Beverages,30,20,64,1920,1280,640,54
2025-03-29,ST01,MG Road,P06,Orange Juice 1L,Beverages,60,42,139,8340,5838,2502,54
2025-03-29,ST01,MG Road,P07,Bath Soap,Personal Care,25,15,55,1375,825,550,54
2025-03-29,ST01,MG Road,P08,Shampoo 200ml,Personal Care,140,100,72,10080,7200,2880,54
2025-03-29,ST01,MG Road,P09,Detergent 1kg,Home Care,80,55,82,6560,4510,2050,54
2025-03-29,ST01,MG Road,P10,Floor Cleaner 1L,Home Care,95,70,30,2850,2100,750,54
2025-03-29,ST02,Howrah,P01,Premium Rice 5kg,Packaged Food,50,35,74,3700,2590,1110,56
2025-03-29,ST02,Howrah,P02,Refined Oil 1L,Packaged Food,120,90,61,7320,5490,1830,56
2025-03-29,ST02,Howrah,P03,Milk 1L,Dairy,40,28,69,2760,1932,828,56
2025-03-29,ST02,Howrah,P04,Curd 500g,Dairy,35,24,49,1715,1176,539,56
2025-03-29,ST02,Howrah,P05,Cola 1L,Beverages,30,20,116,3480,2320,1160,56
2025-03-29,ST02,Howrah,P06,Orange Juice 1L,Beverages,60,42,66,3960,2772,1188,56
2025-03-29,ST02,Howrah,P07,Bath Soap,Personal Care,25,15,99,2475,1485,990,56
2025-03-29,ST02,Howrah,P08,Shampoo 200ml,Personal Care,140,100,30,4200,3000,1200,56
2025-03-29,ST02,Howrah,P09,Detergent 1kg,Home Care,80,55,59,4720,3245,1475,56
2025-03-29,ST02,Howrah,P10,Floor Cleaner 1L,Home Care,95,70,71,6745,4970,1775,56
2025-03-30,ST01,MG Road,P01,Premium Rice 5kg,Packaged Food,50,35,46,2300,1610,690,32
2025-03-30,ST01,MG Road,P02,Refined Oil 1L,Packaged Food,120,90,48,5760,4320,1440,32
2025-03-30,ST01,MG Road,P03,Milk 1L,Dairy,40,28,80,3200,2240,960,32
2025-03-30,ST01,MG Road,P04,Curd 500g,Dairy,35,24,43,1505,1032,473,32
2025-03-30,ST01,MG Road,P05,Cola 1L,Beverages,30,20,103,3090,2060,1030,32
2025-03-30,ST01,MG Road,P06,Orange Juice 1L,Beverages,60,42,129,7740,5418,2322,32
2025-03-30,ST01,MG Road,P07,Bath Soap,Personal Care,25,15,44,1100,660,440,32
2025-03-30,ST01,MG Road,P08,Shampoo 200ml,Personal Care,140,100,45,6300,4500,1800,32
2025-03-30,ST01,MG Road,P09,Detergent 1kg,Home Care,80,55,90,7200,4950,2250,32
2025-03-30,ST01,MG Road,P10,Floor Cleaner 1L,Home Care,95,70,81,7695,5670,2025,32
2025-03-30,ST02,Howrah,P01,Premium Rice 5kg,Packaged Food,50,35,65,3250,2275,975,38
2025-03-30,ST02,Howrah,P02,Refined Oil 1L,Packaged Food,120,90,110,13200,9900,3300,38
2025-03-30,ST02,Howrah,P03,Milk 1L,Dairy,40,28,74,2960,2072,888,38
2025-03-30,ST02,Howrah,P04,Curd 500g,Dairy,35,24,45,1575,1080,495,38
2025-03-30,ST02,Howrah,P05,Cola 1L,Beverages,30,20,61,1830,1220,610,38
2025-03-30,ST02,Howrah,P06,Orange Juice 1L,Beverages,60,42,141,8460,5922,2538,38
2025-03-30,ST02,Howrah,P07,Bath Soap,Personal Care,25,15,72,1800,1080,720,38
2025-03-30,ST02,Howrah,P08,Shampoo 200ml,Personal Care,140,100,40,5600,4000,1600,38
2025-03-30,ST02,Howrah,P09,Detergent 1kg,Home Care,80,55,50,4000,2750,1250,38
2025-03-30,ST02,Howrah,P10,Floor Cleaner 1L,Home Care,95,70,91,8645,6370,2275,38
2025-03-31,ST01,MG Road,P01,Premium Rice 5kg,Packaged Food,50,35,81,4050,2835,1215,56
2025-03-31,ST01,MG Road,P02,Refined Oil 1L,Packaged Food,120,90,56,6720,5040,1680,56
2025-03-31,ST01,MG Road,P03,Milk 1L,Dairy,40,28,97,3880,2716,1164,56
2025-03-31,ST01,MG Road,P04,Curd 500g,Dairy,35,24,119,4165,2856,1309,56
2025-03-31,ST01,MG Road,P05,Cola 1L,Beverages,30,20,149,4470,2980,1490,56
2025-03-31,ST01,MG Road,P06,Orange Juice 1L,Beverages,60,42,83,4980,3486,1494,56
2025-03-31,ST01,MG Road,P07,Bath Soap,Personal Care,25,15,76,1900,1140,760,56
2025-03-31,ST01,MG Road,P08,Shampoo 200ml,Personal Care,140,100,47,6580,4700,1880,56
2025-03-31,ST01,MG Road,P09,Detergent 1kg,Home Care,80,55,32,2560,1760,800,56
2025-03-31,ST01,MG Road,P10,Floor Cleaner 1L,Home Care,95,70,92,8740,6440,2300,56
2025-03-31,ST02,Howrah,P01,Premium Rice 5kg,Packaged Food,50,35,83,4150,2905,1245,35
2025-03-31,ST02,Howrah,P02,Refined Oil 1L,Packaged Food,120,90,101,12120,9090,3030,35
2025-03-31,ST02,Howrah,P03,Milk 1L,Dairy,40,28,69,2760,1932,828,35
2025-03-31,ST02,Howrah,P04,Curd 500g,Dairy,35,24,87,3045,2088,957,35
2025-03-31,ST02,Howrah,P05,Cola 1L,Beverages,30,20,77,2310,1540,770,35
2025-03-31,ST02,Howrah,P06,Orange Juice 1L,Beverages,60,42,52,3120,2184,936,35
2025-03-31,ST02,Howrah,P07,Bath Soap,Personal Care,25,15,54,1350,810,540,35
2025-03-31,ST02,Howrah,P08,Shampoo 200ml,Personal Care,140,100,36,5040,3600,1440,35
2025-03-31,ST02,Howrah,P09,Detergent 1kg,Home Care,80,55,92,7360,5060,2300,35
2025-03-31,ST02,Howrah,P10,Floor Cleaner 1L,Home Care,95,70,98,9310,6860,2450,35
